MGYG000000670.fa	0.0
MGYG000003314.fa	0.0
MGYG000001898.fa	0.0
MGYG000002486.fa	0.0
MGYG000002672.fa	0.0
MGYG000004323.fa	0.0
MGYG000001303.fa	0.0
MGYG000004337.fa	0.0
MGYG000001539.fa	0.0
MGYG000002581.fa	0.0
MGYG000002234.fa	0.0
MGYG000004165.fa	0.0
MGYG000002393.fa	0.0
MGYG000001230.fa	0.0
MGYG000004081.fa	0.0
MGYG000000974.fa	0.0
MGYG000002170.fa	0.0
MGYG000000953.fa	0.0
MGYG000001385.fa	0.0
MGYG000003224.fa	0.0
MGYG000001132.fa	0.0
MGYG000003899.fa	0.0003434763633445
MGYG000000143.fa	0.0024681313416291
MGYG000002956.fa	0.0
MGYG000002279.fa	2.309280812978811e-05
MGYG000002955.fa	0.0
MGYG000002378.fa	0.0
MGYG000000253.fa	0.0
MGYG000000130.fa	0.0
MGYG000001985.fa	0.0
MGYG000001671.fa	0.0
MGYG000002191.fa	0.0
MGYG000000364.fa	0.0
MGYG000004453.fa	0.0
MGYG000004084.fa	0.0
MGYG000003326.fa	0.0
MGYG000001787.fa	0.0
MGYG000004259.fa	0.0
MGYG000001164.fa	0.0
MGYG000001399.fa	0.0
MGYG000002320.fa	0.0
MGYG000001917.fa	0.0
MGYG000002558.fa	0.0
MGYG000002680.fa	0.0
MGYG000002362.fa	0.0
MGYG000000371.fa	0.0
MGYG000000248.fa	0.0
MGYG000002287.fa	0.0
MGYG000000065.fa	0.0
MGYG000000242.fa	0.0008830083351041
MGYG000002376.fa	0.0
MGYG000000092.fa	0.0037579463169187
MGYG000004867.fa	0.0
MGYG000001694.fa	0.0
MGYG000001926.fa	0.0
MGYG000004075.fa	0.0
MGYG000002568.fa	0.0
MGYG000004158.fa	0.0
MGYG000000438.fa	0.0
MGYG000002151.fa	0.0
MGYG000001368.fa	0.0
MGYG000004200.fa	0.0
MGYG000004034.fa	0.0
MGYG000001781.fa	0.0
MGYG000003192.fa	0.0
MGYG000004463.fa	0.0
MGYG000000549.fa	0.0
MGYG000002135.fa	0.0
MGYG000001688.fa	0.0
MGYG000004339.fa	0.0
MGYG000000051.fa	0.0
MGYG000003844.fa	0.0
MGYG000004652.fa	0.0
MGYG000004022.fa	0.0
MGYG000000678.fa	0.0
MGYG000001034.fa	0.0
MGYG000001818.fa	0.0
MGYG000001331.fa	0.0
MGYG000001345.fa	0.0
MGYG000000319.fa	0.0
MGYG000000669.fa	0.0
MGYG000003042.fa	0.0
MGYG000001016.fa	0.0
MGYG000004604.fa	0.0
MGYG000000930.fa	0.0
MGYG000001454.fa	0.0004963787444463
MGYG000003658.fa	0.0
MGYG000002988.fa	0.0
MGYG000000810.fa	0.0
MGYG000003925.fa	0.0
MGYG000001379.fa	0.0063339607268309
MGYG000004639.fa	0.0
MGYG000000206.fa	0.011425691658761
MGYG000004518.fa	0.0
MGYG000000373.fa	0.0
MGYG000000015.fa	0.0
MGYG000002572.fa	0.0
MGYG000002369.fa	0.0
MGYG000001652.fa	0.0
MGYG000000281.fa	0.0
MGYG000001823.fa	0.0
MGYG000001375.fa	0.0
MGYG000002589.fa	0.0
MGYG000004103.fa	0.0
MGYG000000964.fa	0.0
MGYG000002810.fa	0.0
MGYG000002319.fa	0.0
MGYG000004593.fa	0.0
MGYG000001193.fa	0.0
MGYG000000164.fa	2.21597653770694e-05
MGYG000002846.fa	0.0
MGYG000002596.fa	0.0
MGYG000001396.fa	0.0002024702773399
MGYG000001689.fa	0.0
MGYG000002715.fa	0.0
MGYG000001946.fa	0.0
MGYG000001334.fa	0.0
MGYG000002038.fa	0.0
MGYG000001938.fa	0.0
MGYG000000732.fa	0.0
MGYG000000236.fa	0.0
MGYG000000551.fa	0.0
MGYG000000730.fa	0.0
MGYG000001711.fa	0.0
MGYG000004092.fa	0.0
MGYG000003702.fa	0.0
MGYG000004347.fa	0.0
MGYG000004179.fa	0.0
MGYG000003852.fa	0.0
MGYG000000059.fa	0.0
MGYG000000193.fa	0.0003774157934747
MGYG000000107.fa	0.0
MGYG000000508.fa	0.0
MGYG000003298.fa	0.0
MGYG000000580.fa	0.0
MGYG000001211.fa	0.0
MGYG000001933.fa	0.0
MGYG000002096.fa	0.0
MGYG000004053.fa	0.0
MGYG000001370.fa	0.0
MGYG000002205.fa	0.0
MGYG000004183.fa	0.0
MGYG000003655.fa	0.0
MGYG000004811.fa	0.0
MGYG000004821.fa	0.0
MGYG000001762.fa	0.0
MGYG000001710.fa	0.0
MGYG000002884.fa	0.0
MGYG000004598.fa	0.0
MGYG000002625.fa	0.0
MGYG000000126.fa	0.0
MGYG000004126.fa	0.0
MGYG000000358.fa	0.0
MGYG000004556.fa	0.0
MGYG000000705.fa	0.0
MGYG000000956.fa	0.0
MGYG000000884.fa	0.0
MGYG000001978.fa	0.0
MGYG000002437.fa	0.0
MGYG000000410.fa	0.0
MGYG000002098.fa	0.0
MGYG000004087.fa	0.0
MGYG000003683.fa	0.004062118254305
MGYG000001695.fa	0.0
MGYG000000078.fa	0.0
MGYG000004548.fa	0.0
MGYG000003676.fa	0.0
MGYG000000289.fa	0.0
MGYG000002372.fa	0.0
MGYG000000840.fa	0.0
MGYG000001209.fa	0.0
MGYG000004847.fa	0.0
MGYG000002602.fa	0.0146269613433389
MGYG000003860.fa	0.0
MGYG000001456.1.fa	0.0
MGYG000004137.fa	0.0
MGYG000004687.fa	0.0
MGYG000004189.fa	0.0
MGYG000003211.fa	0.0
MGYG000001939.fa	0.0
MGYG000000211.fa	0.0
MGYG000001953.fa	0.0
MGYG000000742.fa	0.0
MGYG000003993.fa	0.0
MGYG000001531.fa	0.0018237486905328
MGYG000002253.fa	0.0
MGYG000002606.fa	0.0
MGYG000000820.fa	0.0
MGYG000002052.fa	0.0
MGYG000000394.fa	0.0
MGYG000002535.fa	0.0
MGYG000002509.fa	0.0
MGYG000000033.fa	0.0086330946998739
MGYG000001157.fa	0.0
MGYG000001054.fa	0.0
MGYG000002036.fa	0.0
MGYG000002480.fa	0.0011306145556068
MGYG000000082.fa	0.0
MGYG000004117.fa	0.0
MGYG000004533.fa	0.0
MGYG000002417.fa	0.0
MGYG000001490.fa	0.0
MGYG000000839.fa	0.0
MGYG000003980.fa	0.0
MGYG000001668.fa	0.0
MGYG000003366.fa	0.0
MGYG000000412.fa	0.0
MGYG000004525.fa	0.0
MGYG000003967.fa	0.0
MGYG000000877.fa	0.0
MGYG000001106.fa	0.0
MGYG000002975.fa	0.0
MGYG000000575.fa	0.0
MGYG000000230.fa	0.0012408302307717
MGYG000001195.fa	0.0
MGYG000003552.fa	0.0
MGYG000004411.fa	0.0
MGYG000001729.fa	0.0
MGYG000000176.fa	0.0
MGYG000004631.fa	0.0
MGYG000004618.fa	0.0
MGYG000000353.fa	0.0
MGYG000004074.fa	0.0
MGYG000002227.fa	0.0
MGYG000001609.fa	0.0
MGYG000000131.fa	0.0
MGYG000002588.fa	0.0
MGYG000001852.fa	0.0
MGYG000003919.fa	0.0
MGYG000001145.fa	0.0
MGYG000004747.fa	0.0
MGYG000000205.fa	0.0
MGYG000004249.fa	0.0
MGYG000002455.fa	0.0
MGYG000004832.fa	0.0
MGYG000001326.fa	0.0
MGYG000002144.fa	0.0
MGYG000003892.fa	0.0
MGYG000004454.fa	0.0
MGYG000004163.fa	0.0
MGYG000004279.fa	0.0
MGYG000004019.fa	0.0
MGYG000002487.fa	0.0
MGYG000000474.fa	0.0
MGYG000004131.fa	0.0
MGYG000002963.fa	0.0
MGYG000004064.fa	0.0
MGYG000004558.fa	0.0
MGYG000002365.fa	0.0
MGYG000001936.fa	0.0
MGYG000001945.fa	0.0
MGYG000000363.fa	0.0
MGYG000002449.fa	0.0
MGYG000001228.fa	0.0
MGYG000002079.fa	0.0
MGYG000001819.fa	0.0
MGYG000000146.fa	0.0093331100251011
MGYG000002002.fa	0.0
MGYG000000310.fa	0.0
MGYG000001937.fa	0.0
MGYG000002226.fa	0.0
MGYG000002445.fa	0.0
MGYG000000307.fa	0.0
MGYG000000808.fa	0.0
MGYG000002519.fa	0.0
MGYG000001324.fa	0.0
MGYG000004268.fa	0.0
MGYG000002459.fa	0.0057275995679079
MGYG000002296.fa	0.0
MGYG000000032.fa	0.0
MGYG000004573.fa	0.0
MGYG000000534.fa	0.0
MGYG000003891.fa	0.0
MGYG000000423.fa	0.0
MGYG000004038.fa	0.0
MGYG000004437.fa	0.0
MGYG000000636.fa	0.0
MGYG000000478.fa	0.0
MGYG000004629.fa	0.0
MGYG000002697.fa	0.0
MGYG000004083.fa	0.0
MGYG000004044.fa	0.0
MGYG000004897.fa	0.0
MGYG000004381.fa	0.0
MGYG000001550.fa	0.0
MGYG000004430.fa	0.0
MGYG000000495.fa	0.0
MGYG000000941.fa	0.0
MGYG000001979.fa	0.0
MGYG000003888.fa	0.0
MGYG000004716.fa	0.0
MGYG000002940.fa	0.0
MGYG000002371.fa	0.0
MGYG000004253.fa	0.0
MGYG000004857.fa	0.0
MGYG000001136.fa	0.0
MGYG000001816.fa	0.0
MGYG000000137.fa	0.0
MGYG000002682.fa	0.0
MGYG000003944.fa	0.0
MGYG000000179.fa	7.954189466927016e-05
MGYG000001651.fa	0.0
MGYG000004427.fa	0.0
MGYG000001841.fa	0.0
MGYG000004159.fa	0.0
MGYG000000520.fa	0.0
MGYG000002193.fa	0.0
MGYG000002328.fa	0.0
MGYG000001792.fa	0.0
MGYG000000933.fa	0.0
MGYG000002816.fa	0.0
MGYG000002233.fa	0.0
MGYG000001690.fa	0.0
MGYG000004563.fa	0.0
MGYG000004322.fa	0.0
MGYG000000212.fa	0.0071448915092876
MGYG000000027.fa	0.0
MGYG000001401.fa	0.0
MGYG000003456.fa	0.0
MGYG000004201.fa	0.0
MGYG000002016.fa	0.0
MGYG000004487.fa	0.0
MGYG000004046.fa	0.0
MGYG000003405.fa	0.0
MGYG000002351.fa	0.0
MGYG000000387.fa	0.0
MGYG000001983.fa	0.0
MGYG000000429.fa	0.0
MGYG000001637.fa	0.0
MGYG000004275.fa	0.0
MGYG000000135.fa	0.0
MGYG000004851.fa	0.0
MGYG000004451.fa	0.0
MGYG000002409.fa	0.0
MGYG000003912.fa	0.0
MGYG000004567.fa	0.0
MGYG000004245.fa	0.0
MGYG000001243.fa	0.0
MGYG000000836.fa	0.0
MGYG000002708.fa	0.0
MGYG000003963.fa	0.0
MGYG000001546.fa	0.0
MGYG000004205.fa	0.0
MGYG000001817.fa	0.0
MGYG000001764.fa	0.0
MGYG000003681.fa	0.0
MGYG000002609.fa	0.0
MGYG000002985.fa	0.0
MGYG000000295.fa	0.0
MGYG000000020.fa	0.0
MGYG000002270.fa	0.0
MGYG000000420.fa	0.0
MGYG000004769.fa	0.0002226473268675
MGYG000002275.fa	0.0
MGYG000000047.fa	0.0
MGYG000004414.fa	0.0
MGYG000001186.fa	0.0
MGYG000002543.fa	0.0
MGYG000001575.fa	0.0
MGYG000001866.fa	0.0
MGYG000004449.fa	0.0
MGYG000001687.fa	0.0
MGYG000001352.fa	0.0
MGYG000003718.fa	0.0
MGYG000000252.fa	0.0099653631204121
MGYG000002330.fa	0.0
MGYG000004600.fa	0.0
MGYG000000219.fa	0.0
MGYG000000948.fa	0.0
MGYG000000615.fa	0.0
MGYG000000378.fa	0.0011663034408983
MGYG000000277.fa	0.0
MGYG000001769.fa	0.0
MGYG000001972.fa	0.0
MGYG000000749.fa	0.0
MGYG000002238.fa	0.0
MGYG000000707.fa	0.0
MGYG000004207.fa	0.0
MGYG000001848.fa	0.0
MGYG000001315.fa	0.0085723302906031
MGYG000002284.fa	0.0012182039440183
MGYG000003233.fa	0.0
MGYG000001665.fa	0.0
MGYG000002386.fa	0.0
MGYG000003222.fa	0.0
MGYG000004425.fa	0.0
MGYG000004006.fa	0.0
MGYG000000902.fa	0.0
MGYG000001325.fa	0.0
MGYG000000672.fa	0.0
MGYG000000044.fa	0.0
MGYG000000631.fa	0.0
MGYG000000039.fa	0.0003006730270636
MGYG000000360.fa	0.0
MGYG000001928.fa	0.0
MGYG000004078.fa	0.0
MGYG000004779.fa	0.0
MGYG000000168.fa	0.0
MGYG000000417.fa	0.0
MGYG000001733.fa	0.0
MGYG000004572.fa	0.0
MGYG000001940.fa	0.0
MGYG000002912.fa	0.0
MGYG000002999.fa	0.0
MGYG000002617.fa	0.0
MGYG000004636.fa	0.0
MGYG000000938.fa	0.0
MGYG000004739.fa	0.0
MGYG000000945.fa	0.0
MGYG000000774.fa	0.0
MGYG000002168.fa	0.0
MGYG000002164.fa	0.0
MGYG000004503.fa	0.0
MGYG000002276.fa	0.0015437192343731
MGYG000001148.fa	0.0
MGYG000001373.fa	0.0
MGYG000001958.fa	0.0
MGYG000000345.fa	0.0
MGYG000002405.fa	0.0
MGYG000004062.fa	0.0
MGYG000001183.fa	0.0
MGYG000000124.fa	0.0
MGYG000004570.fa	0.0
MGYG000000380.fa	0.0
MGYG000001115.fa	0.0
MGYG000001467.fa	0.0
MGYG000001976.fa	0.0
MGYG000001600.fa	0.0
MGYG000001442.fa	0.0
MGYG000001757.fa	0.0
MGYG000002969.fa	0.0
MGYG000003868.fa	0.0
MGYG000001205.fa	0.0
MGYG000001677.fa	0.0
MGYG000000030.fa	0.0
MGYG000004474.fa	0.0
MGYG000002149.fa	0.0
MGYG000002268.fa	0.0
MGYG000001538.fa	0.0
MGYG000001118.fa	0.0
MGYG000003966.fa	0.0
MGYG000001874.fa	0.0
MGYG000003451.fa	0.0
MGYG000000418.fa	0.0
MGYG000000138.fa	0.0
MGYG000004311.fa	0.0
MGYG000000604.fa	0.0
MGYG000001975.fa	0.0
MGYG000000216.fa	0.0
MGYG000002192.fa	0.0
MGYG000002621.fa	0.0
MGYG000002097.fa	0.0
MGYG000000139.fa	0.0
MGYG000003409.fa	0.0
MGYG000002974.fa	0.0
MGYG000003690.fa	0.0
MGYG000000796.fa	0.0
MGYG000003668.fa	0.0
MGYG000003835.fa	0.0
MGYG000001776.fa	0.0
MGYG000000186.fa	0.0
MGYG000004527.fa	0.0
MGYG000004571.fa	0.0
MGYG000004494.fa	0.0
MGYG000003198.fa	0.0
MGYG000004016.fa	0.0029082942602242
MGYG000000462.fa	0.0
MGYG000004327.fa	0.0
MGYG000000404.fa	0.0
MGYG000001988.fa	0.0
MGYG000001260.fa	0.0
MGYG000002094.fa	0.0
MGYG000000367.fa	0.0
MGYG000004498.fa	0.0
MGYG000001300.fa	0.0
MGYG000000187.fa	0.0
MGYG000004790.fa	0.0
MGYG000000530.fa	0.0
MGYG000000312.fa	0.0
MGYG000004501.fa	0.0
MGYG000001110.fa	0.0
MGYG000001220.fa	0.0
MGYG000004052.fa	0.0
MGYG000004541.fa	0.0
MGYG000000994.fa	0.0
MGYG000002698.fa	0.0
MGYG000001113.fa	0.0
MGYG000003995.fa	0.0
MGYG000001441.fa	0.0
MGYG000003822.fa	0.0
MGYG000002776.fa	0.0
MGYG000002432.fa	0.0
MGYG000003324.fa	0.0
MGYG000000070.fa	0.0
MGYG000001875.fa	0.0
MGYG000003304.fa	0.0
MGYG000001760.fa	0.0
MGYG000003205.fa	0.0
MGYG000000419.fa	0.0
MGYG000001884.fa	0.0
MGYG000003693.fa	0.0
MGYG000002840.fa	0.0
MGYG000000942.fa	0.0
MGYG000001017.fa	0.0
MGYG000004878.fa	0.0
MGYG000001737.fa	0.0050499772687459
MGYG000001742.fa	0.0
MGYG000002804.fa	0.0
MGYG000000449.fa	0.0
MGYG000001415.fa	0.0
MGYG000003981.fa	0.0
MGYG000001308.fa	0.0
MGYG000000468.fa	0.0
MGYG000000379.fa	0.0
MGYG000000483.fa	0.0
MGYG000004554.fa	0.0
MGYG000000537.fa	0.0
MGYG000000031.fa	0.0
MGYG000004155.fa	0.0
MGYG000001299.fa	0.000168880738242
MGYG000004145.fa	0.0
MGYG000003738.fa	0.0
MGYG000000715.fa	0.0
MGYG000004799.fa	0.0
MGYG000004008.fa	0.0
MGYG000003714.fa	0.0
MGYG000004289.fa	0.0
MGYG000004385.fa	0.0
MGYG000000706.fa	0.0
MGYG000000501.fa	0.0
MGYG000000150.fa	0.0
MGYG000001305.fa	0.0
MGYG000002290.fa	0.0
MGYG000002504.fa	0.0
MGYG000002872.fa	0.0
MGYG000002363.fa	0.0
MGYG000003990.fa	0.0
MGYG000002529.fa	0.0
MGYG000002438.fa	0.0
MGYG000000004.fa	0.0
MGYG000001085.fa	0.0
MGYG000003854.fa	0.0
MGYG000002411.fa	0.0
MGYG000000177.fa	0.0
MGYG000002910.fa	0.0
MGYG000001337.fa	0.0002712821803529
MGYG000000466.fa	0.0
MGYG000003237.fa	0.0
MGYG000002737.fa	0.0
MGYG000001202.fa	0.0
MGYG000003346.fa	0.0
MGYG000003169.fa	0.0
MGYG000003875.fa	0.0
MGYG000000657.fa	0.0
MGYG000003417.fa	0.0
MGYG000004164.fa	0.0
MGYG000000362.fa	0.0
MGYG000004508.fa	0.0
MGYG000000159.fa	0.0
MGYG000004262.fa	0.0
MGYG000003821.fa	0.0
MGYG000003800.fa	0.0
MGYG000004523.fa	0.0
MGYG000001226.fa	0.0
MGYG000000647.fa	0.0
MGYG000000322.fa	0.0
MGYG000003695.fa	0.0262004236480618
MGYG000001589.fa	0.0
MGYG000003941.fa	0.0
MGYG000002870.fa	0.0
MGYG000001380.fa	0.0060739916898547
MGYG000004020.fa	0.0
MGYG000000722.fa	0.0
MGYG000003794.fa	0.0
MGYG000000075.fa	0.0
MGYG000004271.fa	0.0
MGYG000004784.fa	0.0
MGYG000000813.fa	0.0
MGYG000000142.fa	0.0088793013562476
MGYG000001306.fa	0.0
MGYG000004343.fa	0.0
MGYG000003483.fa	0.0
MGYG000004059.fa	0.0
MGYG000004564.fa	0.0
MGYG000001574.fa	0.0
MGYG000000988.fa	0.0
MGYG000000328.fa	0.0
MGYG000001541.fa	0.0
MGYG000000473.fa	0.0
MGYG000002019.fa	0.0
MGYG000000063.fa	0.0
MGYG000001632.fa	0.0
MGYG000004157.fa	0.0
MGYG000004135.fa	0.0
MGYG000003942.fa	0.0
MGYG000000692.fa	0.0
MGYG000002990.fa	0.0
MGYG000002908.fa	0.0
MGYG000001170.fa	0.0
MGYG000004655.fa	0.0
MGYG000004393.fa	0.0
MGYG000002439.fa	0.0
MGYG000000231.fa	0.0
MGYG000000633.fa	0.0
MGYG000001770.fa	0.0
MGYG000004232.fa	0.0
MGYG000003727.fa	0.0
MGYG000004869.fa	0.0
MGYG000001748.fa	0.0
MGYG000001159.fa	0.0
MGYG000004394.fa	0.0
MGYG000001987.fa	0.0
MGYG000000725.fa	0.0
MGYG000000303.fa	0.0
MGYG000000104.fa	0.0
MGYG000001359.fa	0.0
MGYG000002300.fa	0.0
MGYG000001746.fa	0.0
MGYG000000194.fa	0.0
MGYG000001213.fa	0.0
MGYG000001294.fa	0.0
MGYG000000453.fa	0.0
MGYG000004669.fa	0.0
MGYG000004621.fa	0.0
MGYG000004856.fa	0.0
MGYG000003313.fa	0.0
MGYG000000966.fa	0.0
MGYG000002626.fa	0.0
MGYG000000600.fa	0.0
MGYG000001304.fa	0.0
MGYG000000452.fa	0.0
MGYG000003118.fa	0.0
MGYG000003940.fa	0.0
MGYG000000872.fa	0.0
MGYG000001676.fa	0.0
MGYG000002725.fa	0.0
MGYG000000484.fa	0.0
MGYG000001444.fa	0.0
MGYG000004194.fa	0.0
MGYG000004412.fa	0.0
MGYG000001683.fa	0.0
MGYG000003973.fa	0.0
MGYG000000088.fa	0.0
MGYG000000171.fa	0.0
MGYG000004812.fa	0.0
MGYG000003288.fa	0.0
MGYG000000447.fa	0.0
MGYG000004638.fa	0.0
MGYG000001647.fa	0.0
MGYG000000221.fa	0.0
MGYG000002592.fa	0.0
MGYG000002338.fa	0.0
MGYG000000903.fa	0.0
MGYG000000939.fa	0.0
MGYG000000196.fa	0.0
MGYG000004162.fa	0.0
MGYG000001013.fa	0.0
MGYG000002652.fa	0.0
MGYG000004070.fa	0.0
MGYG000003097.fa	0.0
MGYG000001378.fa	0.0
MGYG000001564.fa	0.0
MGYG000004643.fa	0.0
MGYG000004388.fa	0.0
MGYG000002292.fa	0.0
MGYG000002394.fa	0.0
MGYG000002447.fa	0.0
MGYG000000256.fa	0.0
MGYG000002882.fa	0.0
MGYG000004786.fa	0.0
MGYG000002784.fa	0.0
MGYG000001398.fa	0.0
MGYG000002619.fa	0.0
MGYG000002998.fa	0.0
MGYG000002177.fa	0.0
MGYG000003992.fa	0.0
MGYG000001089.fa	0.0
MGYG000000724.fa	0.0027796509906931
MGYG000000499.fa	0.0
MGYG000001027.fa	0.0
MGYG000003220.fa	0.0
MGYG000000458.fa	0.0
MGYG000003318.fa	0.0
MGYG000002782.fa	0.0
MGYG000002228.fa	0.0
MGYG000001886.fa	0.0
MGYG000004566.fa	0.0
MGYG000003392.fa	0.0003561890708503
MGYG000003189.fa	0.0
MGYG000004397.fa	0.0
MGYG000002571.fa	0.0
MGYG000003959.fa	0.0
MGYG000001057.fa	0.0041838803335347
MGYG000001427.fa	0.0
MGYG000001960.fa	0.0
MGYG000000273.fa	0.0
MGYG000002236.fa	0.0
MGYG000004248.fa	0.0
MGYG000000847.fa	0.0
MGYG000001429.fa	0.0
MGYG000004622.fa	0.0
MGYG000002047.fa	0.0
MGYG000002620.fa	0.0
MGYG000000129.fa	0.0
MGYG000002898.fa	0.0
MGYG000000365.fa	0.0
MGYG000004000.fa	0.0
MGYG000003818.fa	0.0
MGYG000002528.fa	0.0077579005978238
MGYG000002397.fa	0.0
MGYG000002559.fa	0.0
MGYG000004435.fa	0.0
MGYG000002027.fa	0.0
MGYG000003410.fa	0.0
MGYG000000202.fa	0.0
MGYG000004723.fa	0.0
MGYG000002281.fa	0.0
MGYG000004644.fa	0.0
MGYG000003783.fa	0.0
MGYG000004371.fa	0.0
MGYG000001192.fa	0.0
MGYG000001827.fa	0.0
MGYG000004789.fa	0.0003458089702263
MGYG000004872.fa	0.0
MGYG000002499.fa	0.0
MGYG000002523.fa	0.0
MGYG000002676.fa	0.0
MGYG000000861.fa	0.0
MGYG000004124.fa	0.0
MGYG000002074.fa	0.0
MGYG000003979.fa	0.0
MGYG000004491.fa	0.0
MGYG000000524.fa	0.0
MGYG000002540.fa	0.0
MGYG000003998.fa	0.0
MGYG000001745.fa	0.0
MGYG000000100.fa	0.0
MGYG000003816.fa	0.0
MGYG000004763.fa	0.0
MGYG000003009.fa	0.0
MGYG000001601.fa	0.0
MGYG000002707.fa	0.0
MGYG000001914.fa	0.0
MGYG000003278.fa	0.0
MGYG000004341.fa	0.0
MGYG000000190.fa	0.0
MGYG000004657.fa	0.0
MGYG000003022.fa	0.0
MGYG000000727.fa	0.0
MGYG000002926.fa	0.0002029367987163
MGYG000001566.fa	0.0
MGYG000001516.fa	0.0
MGYG000000760.fa	0.0
MGYG000004401.fa	0.0
MGYG000004419.fa	0.0
MGYG000002395.fa	0.0
MGYG000002286.fa	0.0
MGYG000000540.fa	0.0
MGYG000002944.fa	0.0
MGYG000000857.fa	0.0
MGYG000001191.fa	0.0
MGYG000000049.fa	0.0
MGYG000000344.fa	0.0
MGYG000002544.fa	9.808611937955456e-05
MGYG000004595.fa	0.0
MGYG000002622.fa	0.0
MGYG000004099.fa	0.0
MGYG000002021.fa	0.0
MGYG000000603.fa	0.0
MGYG000004845.fa	0.0
MGYG000003748.fa	0.0
MGYG000004599.fa	0.0
MGYG000004192.fa	0.0
MGYG000000245.fa	0.0
MGYG000000889.fa	0.0
MGYG000002494.fa	0.0
MGYG000003846.fa	0.0
MGYG000002964.fa	0.0
MGYG000004037.fa	0.0
MGYG000002295.fa	0.0
MGYG000004308.fa	0.0
MGYG000000003.fa	0.0
MGYG000004282.fa	0.0
MGYG000000335.fa	0.0
MGYG000000043.fa	0.0
MGYG000001861.fa	0.0
MGYG000003158.fa	0.0
MGYG000000442.fa	0.0
MGYG000000971.fa	0.0
MGYG000003292.fa	0.0
MGYG000000250.fa	0.0
MGYG000000444.fa	0.0
MGYG000000296.fa	0.0
MGYG000000140.fa	0.0
MGYG000001103.fa	0.0
MGYG000001097.fa	0.0
MGYG000004805.fa	0.0
MGYG000003989.fa	0.0
MGYG000001310.fa	0.0
MGYG000002638.fa	0.0
MGYG000004196.fa	0.0
MGYG000003819.fa	0.0
MGYG000000640.fa	0.0
MGYG000000476.fa	0.0
MGYG000002134.fa	0.0
MGYG000003257.fa	0.0
MGYG000004178.fa	0.0
MGYG000000504.fa	0.0
MGYG000004586.fa	0.0
MGYG000004089.fa	0.0
MGYG000002483.fa	0.0
MGYG000003310.fa	0.0
MGYG000004246.fa	0.0
MGYG000002007.fa	0.0
MGYG000003964.fa	0.0
MGYG000003907.fa	0.0
MGYG000004685.fa	0.0
MGYG000003087.fa	0.0
MGYG000002874.fa	0.0
MGYG000003926.fa	0.0
MGYG000000875.fa	0.0
MGYG000002709.fa	0.0
MGYG000002583.fa	0.0
MGYG000002367.fa	0.0
MGYG000002546.fa	0.0
MGYG000000929.fa	0.0
MGYG000003584.fa	0.0
MGYG000002945.fa	0.0
MGYG000003838.fa	0.0
MGYG000001901.fa	0.0
MGYG000000192.fa	0.0011392452010695
MGYG000000450.fa	0.0
MGYG000002194.fa	0.0
MGYG000002289.fa	0.0
MGYG000001335.fa	0.0
MGYG000001346.fa	0.0
MGYG000003814.fa	0.0
MGYG000002104.fa	0.0
MGYG000002952.fa	0.0
MGYG000004150.fa	0.0
MGYG000000200.fa	0.0
MGYG000002454.fa	1.3645750258511156e-05
MGYG000003770.fa	0.0
MGYG000003353.fa	0.0
MGYG000003317.fa	0.0
MGYG000004431.fa	0.0
MGYG000002556.fa	0.0
MGYG000003243.fa	0.0
MGYG000002317.fa	0.0
MGYG000003795.fa	0.0
MGYG000003921.fa	0.006306785856658
MGYG000001989.fa	0.0
MGYG000000198.fa	0.0
MGYG000001372.fa	0.0
MGYG000004693.fa	0.0
MGYG000002322.fa	0.0
MGYG000004475.fa	0.0
MGYG000002601.fa	0.0
MGYG000000701.fa	0.0
MGYG000002684.fa	0.0
MGYG000000745.fa	0.0
MGYG000004033.fa	0.0
MGYG000000595.fa	0.0
MGYG000000062.fa	0.0
MGYG000002573.fa	0.0
MGYG000001067.fa	0.0
MGYG000003374.fa	0.0
MGYG000001919.fa	0.0
MGYG000004390.fa	0.0
MGYG000000389.fa	0.0
MGYG000002348.fa	0.0
MGYG000000016.fa	4.455279144231848e-05
MGYG000004082.fa	0.0
MGYG000001342.fa	2.0060419183452297e-05
MGYG000001905.fa	0.0
MGYG000004461.fa	0.0
MGYG000000022.fa	0.0321904414901719
MGYG000003672.fa	0.0
MGYG000001206.fa	0.0
MGYG000001855.fa	0.0
MGYG000004116.fa	0.0
MGYG000004214.fa	0.0
MGYG000001619.fa	0.0
MGYG000004169.fa	0.0
MGYG000002456.fa	0.0
MGYG000000246.fa	0.0
MGYG000001316.fa	0.0
MGYG000000174.fa	0.0
MGYG000001347.fa	0.0
MGYG000003134.fa	0.0
MGYG000002388.fa	0.0
MGYG000000349.fa	0.0
MGYG000004254.fa	0.0
MGYG000001354.fa	0.0
MGYG000002412.fa	0.0
MGYG000002552.fa	0.0
MGYG000004278.fa	0.0
MGYG000001257.fa	0.0003946770844
MGYG000003768.fa	0.0
MGYG000000585.fa	0.0
MGYG000001059.fa	0.0
MGYG000002925.fa	0.0
MGYG000002986.fa	0.0
MGYG000002324.fa	0.0
MGYG000000656.fa	0.0
MGYG000003701.fa	0.0
MGYG000000265.fa	0.0
MGYG000003074.fa	0.0
MGYG000000740.fa	0.0
MGYG000002503.fa	0.0
MGYG000000297.fa	0.0
MGYG000003937.fa	0.0101835784942042
MGYG000002492.fa	0.0285106375037933
MGYG000004014.fa	0.0
MGYG000004585.fa	0.0
MGYG000002410.fa	9.470383940094924e-05
MGYG000002105.fa	0.0
MGYG000000269.fa	0.0
MGYG000004736.fa	0.0
MGYG000002158.fa	0.0
MGYG000003140.fa	0.0
MGYG000003293.fa	0.0
MGYG000004770.fa	0.0
MGYG000002633.fa	0.0
MGYG000004352.fa	0.0
MGYG000002248.fa	0.0
MGYG000001276.fa	0.0
MGYG000003449.fa	0.0
MGYG000004230.fa	0.0
MGYG000003017.fa	0.0
MGYG000001565.fa	0.0
MGYG000000157.fa	0.0
MGYG000001728.fa	0.0
MGYG000001301.fa	0.0
MGYG000000108.fa	0.0
MGYG000004035.fa	0.0
MGYG000004616.fa	0.0
MGYG000000525.fa	0.0
MGYG000001409.fa	0.0127236707581368
MGYG000004134.fa	0.0
MGYG000001001.fa	0.0
MGYG000000359.fa	0.0
MGYG000001963.fa	0.0
MGYG000003832.fa	0.0
MGYG000002695.fa	0.0
MGYG000001393.fa	0.0
MGYG000001296.fa	0.0
MGYG000004237.fa	0.0
MGYG000002312.fa	0.0
MGYG000001556.fa	0.0
MGYG000002293.fa	0.000101351769014
MGYG000001361.fa	0.0
MGYG000000922.fa	0.0
MGYG000003960.fa	0.0
MGYG000004379.fa	0.0
MGYG000000122.fa	0.0
MGYG000001911.fa	0.0
MGYG000000002.fa	0.0473827101113143
MGYG000001222.fa	0.0
MGYG000000114.fa	1.866085505437424e-05
MGYG000000067.fa	0.0
MGYG000004188.fa	0.0
MGYG000004874.fa	0.0
MGYG000002121.fa	0.0
MGYG000004086.fa	0.0
MGYG000000169.fa	0.0
MGYG000003886.fa	0.0
MGYG000001774.fa	0.0
MGYG000002819.fa	0.0
MGYG000003214.fa	0.0
MGYG000001814.fa	0.0
MGYG000001662.fa	0.0
MGYG000002380.fa	0.0
MGYG000002756.fa	0.0
MGYG000000280.fa	0.0
MGYG000001187.fa	0.0007500497428417
MGYG000003450.fa	0.0
MGYG000004464.fa	0.0
MGYG000000441.fa	0.0
MGYG000003833.fa	0.0
MGYG000002059.fa	0.0
MGYG000001705.fa	0.0
MGYG000004236.fa	0.0
MGYG000004557.fa	0.0
MGYG000002056.fa	0.0
MGYG000001547.fa	0.0
MGYG000000913.fa	0.0
MGYG000003306.fa	0.0
MGYG000004144.fa	0.0
MGYG000004296.fa	0.0
MGYG000003299.fa	0.0
MGYG000001820.fa	0.0
MGYG000001421.fa	0.0
MGYG000002512.fa	0.0
MGYG000002018.fa	0.0
MGYG000000189.fa	0.0
MGYG000000226.fa	0.0
MGYG000003686.fa	0.0
MGYG000004276.fa	0.0
MGYG000004101.fa	0.0
MGYG000004551.fa	0.0
MGYG000003949.fa	0.0
MGYG000000084.fa	0.0243206923923659
MGYG000000141.fa	0.0
MGYG000002108.fa	0.0
MGYG000004171.fa	5.948147548581787e-05
MGYG000000622.fa	0.0
MGYG000000977.fa	0.0
MGYG000002337.fa	0.0
MGYG000002612.fa	0.0
MGYG000001156.fa	0.0
MGYG000000680.fa	0.0
MGYG000001756.fa	0.0
MGYG000000235.fa	0.0
MGYG000003461.fa	0.0
MGYG000004544.fa	0.0
MGYG000001244.fa	0.0
MGYG000004797.fa	0.0
MGYG000001423.fa	0.0
MGYG000000136.fa	0.0
MGYG000001182.fa	0.0
MGYG000004299.fa	0.0
MGYG000002272.fa	0.0
MGYG000001151.fa	0.0
MGYG000002475.fa	0.0
MGYG000001824.fa	0.0
MGYG000004234.fa	0.0
MGYG000002273.fa	0.0
MGYG000003480.fa	0.0
MGYG000000263.fa	0.0179373970299849
MGYG000002718.fa	0.0
MGYG000000173.fa	0.0
MGYG000002726.fa	0.0
MGYG000000416.fa	0.0
MGYG000004569.fa	0.0
MGYG000004502.fa	0.0
MGYG000004877.fa	0.0
MGYG000004105.fa	0.0
MGYG000004224.fa	0.0
MGYG000000029.fa	0.0
MGYG000001474.fa	0.0
MGYG000002154.fa	0.0
MGYG000003069.fa	0.0
MGYG000001704.fa	0.0
MGYG000003767.fa	0.0
MGYG000002920.fa	0.0
MGYG000004061.fa	0.0
MGYG000000045.fa	0.0
MGYG000000415.fa	0.0
MGYG000002608.fa	0.0
MGYG000002091.fa	0.0
MGYG000004775.fa	0.0
MGYG000004535.fa	0.0
MGYG000001391.fa	0.0
MGYG000001225.fa	0.0
MGYG000001383.fa	0.0
MGYG000003251.fa	0.0
MGYG000004353.fa	0.0
MGYG000000646.fa	0.0
MGYG000001198.fa	0.0
MGYG000003753.fa	0.0
MGYG000000046.fa	0.0
MGYG000002994.fa	0.0
MGYG000001661.fa	0.0
MGYG000004750.fa	0.0
MGYG000001251.fa	0.0
MGYG000000675.fa	0.0
MGYG000001464.fa	0.0
MGYG000001617.fa	0.0
MGYG000001527.fa	0.0
MGYG000004149.fa	0.0
MGYG000003190.fa	0.0
MGYG000001253.fa	0.0
MGYG000003481.fa	0.0
MGYG000002147.fa	0.0
MGYG000001944.fa	0.0
MGYG000000105.fa	0.0
MGYG000004529.fa	0.0
MGYG000000667.fa	0.0
MGYG000000243.fa	0.0
MGYG000002145.fa	0.0
MGYG000002545.fa	0.0001179132778748
MGYG000002297.fa	0.0
MGYG000001312.fa	0.0
MGYG000003878.fa	0.0
MGYG000002954.fa	0.0
MGYG000000111.fa	0.0
MGYG000000274.fa	0.0
MGYG000000901.fa	0.0
MGYG000003765.fa	0.0
MGYG000002845.fa	0.0
MGYG000001502.fa	0.0
MGYG000000664.fa	0.0
MGYG000003508.fa	0.0
MGYG000003682.fa	0.000225912976502
MGYG000000791.fa	0.0
MGYG000000518.fa	0.0
MGYG000003250.fa	0.0
MGYG000004032.fa	0.0
MGYG000004215.fa	0.0
MGYG000001254.fa	0.0
MGYG000004617.fa	0.0
MGYG000001311.fa	0.0
MGYG000000490.fa	0.0
MGYG000001883.fa	0.0
MGYG000000990.fa	0.0
MGYG000003697.fa	0.0
MGYG000003958.fa	0.0
MGYG000001949.fa	0.0
MGYG000001981.fa	0.0
MGYG000004489.fa	0.0
MGYG000002479.fa	0.0
MGYG000003001.fa	0.0
MGYG000002463.fa	0.0
MGYG000002403.fa	0.0
MGYG000002353.fa	0.0
MGYG000001341.fa	0.0
MGYG000004085.fa	0.0
MGYG000001698.fa	0.0
MGYG000004120.fa	0.0
MGYG000003391.fa	0.0
MGYG000004623.fa	0.0
MGYG000004660.fa	0.0
MGYG000004605.fa	0.0
MGYG000003987.fa	0.0
MGYG000004482.fa	0.0
MGYG000003863.fa	0.0
MGYG000001021.fa	0.0
MGYG000003120.fa	0.0
MGYG000000644.fa	0.0
MGYG000002171.fa	0.0
MGYG000003684.fa	0.0
MGYG000001561.fa	0.0
MGYG000004129.fa	0.0
MGYG000003297.fa	0.0
MGYG000001162.fa	0.0
MGYG000003911.fa	0.0
MGYG000003210.fa	0.0006742400191833
MGYG000001039.fa	0.0
MGYG000001040.fa	0.0
MGYG000001749.fa	0.0
MGYG000003152.fa	0.0
MGYG000001410.fa	0.0
MGYG000002424.fa	0.0
MGYG000003375.fa	0.0
MGYG000004855.fa	0.0
MGYG000001524.fa	0.0
MGYG000002352.fa	0.0006861363142805
MGYG000004758.fa	0.0
MGYG000001795.fa	0.0
MGYG000001369.fa	0.0023268919949363
MGYG000002102.fa	0.0
MGYG000001754.fa	0.0
MGYG000001893.fa	0.0
MGYG000001493.fa	0.0
MGYG000004658.fa	0.0
MGYG000000112.fa	0.0
MGYG000000255.fa	0.0
MGYG000000898.fa	0.0
MGYG000000028.fa	0.0
MGYG000002547.fa	0.0
MGYG000002004.fa	0.0
MGYG000004172.fa	0.0
MGYG000001236.fa	0.0
MGYG000000178.fa	0.0
MGYG000000829.fa	0.0
MGYG000000502.fa	0.0
MGYG000001321.fa	0.0
MGYG000003475.fa	0.0
MGYG000000251.fa	0.0129115622424656
MGYG000001302.1.fa	1.807770333392504e-05
MGYG000002681.fa	0.0
MGYG000002291.fa	0.0
MGYG000004740.fa	0.0
MGYG000001910.fa	0.0
MGYG000000446.fa	0.0
MGYG000001627.fa	0.0
MGYG000002199.fa	0.0
MGYG000001434.fa	0.0
MGYG000000090.fa	0.0
MGYG000002673.fa	0.0
MGYG000002180.fa	0.0
MGYG000001494.fa	0.0
MGYG000001846.fa	0.0
MGYG000000034.fa	0.0001140644765198
MGYG000003311.fa	0.0
MGYG000000204.fa	0.0
MGYG000004185.fa	0.0
MGYG000001167.fa	0.0
MGYG000003077.fa	0.0
MGYG000000753.fa	0.0
MGYG000004637.fa	0.0
MGYG000000284.fa	0.0
MGYG000000662.fa	0.0
MGYG000004369.fa	0.0
MGYG000000714.fa	0.0
MGYG000000318.fa	0.0
MGYG000001020.fa	0.0
MGYG000004802.fa	0.0
MGYG000001948.fa	0.0
MGYG000003786.fa	0.0
MGYG000004589.fa	0.0
MGYG000004840.fa	0.0
MGYG000000712.fa	0.0
MGYG000000696.fa	0.0
MGYG000003217.fa	0.0
MGYG000002113.fa	0.0
MGYG000002057.fa	0.0
MGYG000004732.fa	0.0
MGYG000002031.fa	0.0
MGYG000003893.fa	0.0
MGYG000000788.fa	0.0
MGYG000001614.fa	0.0
MGYG000000659.fa	0.0
MGYG000004088.fa	0.0
MGYG000000119.fa	0.0
MGYG000002146.fa	0.0
MGYG000003163.fa	0.0
MGYG000004260.fa	0.0
MGYG000004184.fa	0.0
MGYG000001033.fa	0.0
MGYG000004125.fa	0.0
MGYG000002863.fa	0.0
MGYG000001322.fa	0.0
MGYG000001932.fa	0.0
MGYG000001633.fa	0.0
MGYG000000008.fa	0.0
MGYG000001869.fa	0.0
MGYG000004452.fa	0.0
MGYG000000887.fa	0.0
MGYG000000203.fa	0.0
MGYG000004866.fa	0.0
MGYG000000213.fa	0.0
MGYG000000071.fa	0.0
MGYG000000149.fa	0.0
MGYG000002802.fa	0.0
MGYG000002166.fa	0.0
MGYG000004113.fa	0.0
MGYG000002720.fa	0.0
MGYG000000372.fa	0.0
MGYG000002794.fa	0.0
MGYG000002450.fa	0.0
MGYG000000021.fa	0.0
MGYG000004611.fa	0.0
MGYG000001314.fa	0.0
MGYG000001219.fa	0.0
MGYG000001284.fa	0.0001645654155107
MGYG000004889.fa	0.0
MGYG000002202.fa	0.0
MGYG000002472.fa	0.0
MGYG000003975.fa	0.0
MGYG000000060.fa	0.0
MGYG000000734.fa	0.0
MGYG000000120.fa	0.0
MGYG000001204.fa	0.0
MGYG000003874.fa	0.0
MGYG000004794.fa	0.0
MGYG000001606.fa	0.0
MGYG000001249.fa	0.0
MGYG000001389.fa	0.0
MGYG000000850.fa	0.0
MGYG000000244.fa	0.0
MGYG000003965.fa	0.0
MGYG000002805.fa	0.0
MGYG000004727.fa	0.0
MGYG000002347.fa	0.0
MGYG000001271.fa	0.0
MGYG000002029.fa	0.0
MGYG000002034.fa	0.0
MGYG000001189.fa	0.0
MGYG000004712.fa	0.0
MGYG000004409.fa	0.0
MGYG000002015.fa	0.0
MGYG000001640.fa	0.0
MGYG000002210.fa	0.0
MGYG000000506.fa	0.0
MGYG000004345.fa	0.0275749122531606
MGYG000003583.fa	0.0
MGYG000001048.fa	0.0
MGYG000002396.fa	0.1675055498549235
MGYG000004376.fa	0.0
MGYG000002039.fa	0.0
MGYG000002693.fa	0.0
MGYG000004111.fa	0.0
MGYG000003943.fa	0.0
MGYG000000366.fa	0.0
MGYG000001400.fa	0.0040377425123902
MGYG000004389.fa	0.0
MGYG000002982.fa	0.0
MGYG000001771.fa	0.0
MGYG000000217.fa	0.0
MGYG000001923.fa	0.0
MGYG000001867.fa	0.0
MGYG000000181.fa	0.0
MGYG000002570.fa	0.0
MGYG000002835.fa	0.0
MGYG000002724.fa	0.0
MGYG000000035.fa	0.0
MGYG000002930.fa	0.0
MGYG000004469.fa	0.0
MGYG000000779.fa	0.0
MGYG000001959.fa	0.0
MGYG000004531.fa	0.0
MGYG000001006.fa	5.33000672490564e-05
MGYG000002440.fa	0.0
MGYG000002336.fa	0.0
MGYG000004402.fa	0.0
MGYG000001763.fa	0.0
MGYG000003945.fa	0.0
MGYG000001831.fa	0.0
MGYG000000710.fa	0.0
MGYG000004216.fa	0.0
MGYG000002175.fa	0.0
MGYG000000377.fa	0.0
MGYG000002873.fa	0.0
MGYG000000170.fa	0.0
MGYG000003258.fa	0.0
MGYG000001593.fa	0.0
MGYG000000500.fa	0.0
MGYG000000073.fa	0.0
MGYG000003747.fa	0.0
MGYG000002586.fa	0.0
MGYG000004250.fa	0.0
MGYG000000743.fa	0.0
MGYG000002389.fa	0.0
MGYG000001727.fa	0.0
MGYG000001654.fa	0.0
MGYG000000254.fa	0.0
MGYG000000980.fa	0.0
MGYG000000076.fa	0.0004711865901229
MGYG000001783.fa	0.0
MGYG000002001.fa	0.0
MGYG000001402.fa	0.0
MGYG000004176.fa	0.0
MGYG000001560.fa	0.0
MGYG000004416.fa	0.0
MGYG000004439.fa	0.0
MGYG000002387.fa	0.0
MGYG000004017.fa	0.0
MGYG000002181.fa	0.0
MGYG000002340.fa	0.0
MGYG000002993.fa	0.0
MGYG000003694.fa	0.0026786491127113
MGYG000000899.fa	0.0
MGYG000001709.fa	0.0
MGYG000004642.fa	0.0
MGYG000004317.fa	0.0
MGYG000004098.fa	0.0
MGYG000004626.fa	0.0
MGYG000000153.fa	0.0
MGYG000002327.fa	0.0
MGYG000004219.fa	0.0
MGYG000000183.fa	0.0
MGYG000000867.fa	0.0
MGYG000001885.fa	0.0
MGYG000003383.fa	0.0
MGYG000000343.fa	0.0
MGYG000002024.fa	0.0
MGYG000004465.fa	0.0
MGYG000004733.fa	0.0
MGYG000001297.fa	0.0
MGYG000000792.fa	0.0
MGYG000001072.fa	0.0014518145232303
MGYG000000606.fa	0.0
MGYG000004291.fa	0.0
MGYG000002716.fa	0.0
MGYG000001930.fa	0.0
MGYG000001068.fa	0.0
MGYG000001184.fa	0.0
MGYG000002282.fa	0.0
MGYG000000409.fa	0.0
MGYG000003691.fa	0.0
MGYG000000229.fa	0.0
MGYG000004609.fa	0.0
MGYG000001878.fa	0.0
MGYG000002125.fa	0.0
MGYG000000103.fa	0.0
MGYG000000428.fa	0.0
MGYG000000470.fa	0.0
MGYG000002271.fa	0.0
MGYG000004114.fa	0.0
MGYG000004873.fa	0.0
MGYG000001973.fa	0.0
MGYG000004776.fa	0.0
MGYG000002061.fa	0.0
MGYG000004269.fa	0.0
MGYG000003877.fa	0.0
MGYG000000272.fa	0.0
MGYG000004447.fa	0.0
MGYG000003757.fa	0.0
MGYG000000886.fa	0.0
MGYG000000208.fa	0.0074638755003733
MGYG000004735.fa	0.0006750564315919
MGYG000001414.fa	0.0
MGYG000004578.fa	0.0
MGYG000002023.fa	0.0
MGYG000000626.fa	0.0
MGYG000001678.fa	0.0
MGYG000003329.fa	0.0
MGYG000001952.fa	0.0
MGYG000000414.fa	0.0
MGYG000003908.fa	0.0
MGYG000004568.fa	0.0
MGYG000003215.fa	0.0
MGYG000003185.fa	0.0
MGYG000004316.fa	4.898474451773236e-06
MGYG000003351.fa	0.0
MGYG000000215.fa	0.0
MGYG000000909.fa	0.0013024110524512
MGYG000001319.fa	0.0
MGYG000004798.fa	0.0
MGYG000000052.fa	0.0
MGYG000002416.fa	0.0
MGYG000001551.fa	0.0
MGYG000001045.fa	0.0
MGYG000000782.fa	0.0
MGYG000001772.fa	0.0
MGYG000000247.fa	0.0
MGYG000000160.fa	0.0
MGYG000004627.fa	0.0
MGYG000000654.fa	0.0
MGYG000003396.fa	0.0
MGYG000000561.fa	0.0
MGYG000003962.fa	0.0
MGYG000001761.fa	0.0
MGYG000001521.fa	0.0
MGYG000000958.fa	0.0
MGYG000004072.fa	0.0
MGYG000001838.fa	0.0
MGYG000000087.fa	0.0016606994694952
MGYG000002075.fa	0.0
MGYG000001500.fa	0.0
MGYG000001723.fa	0.0
MGYG000004063.fa	0.0
MGYG000000074.fa	0.0
MGYG000002167.fa	0.0
MGYG000001851.fa	0.0
MGYG000000425.fa	0.0
MGYG000004778.fa	0.0
MGYG000004115.fa	0.0
MGYG000003709.fa	0.0
MGYG000004055.fa	0.0
MGYG000000651.fa	0.0
MGYG000000267.fa	0.0
MGYG000002779.fa	0.0
MGYG000000024.fa	0.0
MGYG000002460.fa	0.0
MGYG000004256.fa	0.0
MGYG000000162.fa	0.0
MGYG000000089.fa	0.0
MGYG000001256.fa	0.0
MGYG000000973.fa	0.0
MGYG000002133.fa	0.0
MGYG000000700.fa	0.0
MGYG000000330.fa	0.0
MGYG000004830.fa	0.0
MGYG000000729.fa	0.0
MGYG000004285.fa	0.0
MGYG000004507.fa	0.0
MGYG000001293.fa	0.0
MGYG000004588.fa	0.0
MGYG000004663.fa	0.0
MGYG000003740.fa	0.0
MGYG000000841.fa	0.0
MGYG000000093.fa	0.0
MGYG000004306.fa	0.0
MGYG000004591.fa	0.0
MGYG000000894.fa	0.0
MGYG000000233.fa	0.0
MGYG000001489.fa	0.0
MGYG000004334.fa	0.0
MGYG000002152.fa	0.0
MGYG000004392.fa	0.0
MGYG000001007.fa	0.0
MGYG000000175.fa	0.0
MGYG000001180.fa	0.0
MGYG000000106.fa	0.0
MGYG000002277.fa	0.0
MGYG000001029.fa	0.0
MGYG000004698.fa	0.0
MGYG000004562.fa	0.0
MGYG000000584.fa	0.0
MGYG000001042.fa	0.0
MGYG000001285.fa	0.0
MGYG000000663.fa	0.0
MGYG000004896.fa	0.0
MGYG000002285.fa	0.0
MGYG000001558.fa	0.0
MGYG000001779.fa	0.0
MGYG000000564.fa	0.0
MGYG000000095.fa	0.0
MGYG000001060.fa	0.0
MGYG000002841.fa	0.0
MGYG000000873.fa	0.0
MGYG000003837.fa	0.0
MGYG000001810.fa	0.0
MGYG000001163.fa	0.0
MGYG000003242.fa	0.0
MGYG000002173.fa	0.0
MGYG000002781.fa	0.0
MGYG000000695.fa	0.0
MGYG000003972.fa	0.0
MGYG000004534.fa	0.0
MGYG000001611.fa	0.0
MGYG000001552.fa	0.0
MGYG000001247.fa	0.0007937861218754
MGYG000002711.fa	0.0
MGYG000004223.fa	0.0
MGYG000001802.fa	0.0
MGYG000002549.fa	6.5312992690309805e-06
MGYG000001074.fa	0.0
MGYG000003620.fa	0.0
MGYG000002129.fa	0.0
MGYG000001218.fa	0.0
MGYG000004581.fa	0.0
MGYG000000505.fa	0.0
MGYG000000543.fa	0.0
MGYG000003954.fa	0.0
MGYG000002943.fa	0.0
MGYG000003997.fa	0.0
MGYG000002073.fa	0.0
MGYG000004130.fa	0.0
MGYG000003504.fa	0.0
MGYG000001055.fa	0.0
MGYG000000844.fa	0.0
MGYG000002563.fa	0.0009395740519877
MGYG000004726.fa	0.0
MGYG000003302.fa	0.0
MGYG000004222.fa	0.0
MGYG000000522.fa	0.0
MGYG000000717.fa	0.0
MGYG000004517.fa	0.0
MGYG000004139.fa	0.0
MGYG000000532.fa	0.0
MGYG000000370.fa	0.0
MGYG000000249.fa	0.0060206916226056
MGYG000001177.fa	0.0
MGYG000000405.fa	0.0
MGYG000000435.fa	0.0
MGYG000004762.fa	0.0
MGYG000001433.fa	0.0
MGYG000002452.fa	0.0
MGYG000004691.fa	0.0
MGYG000000739.fa	0.0
MGYG000000097.fa	0.0
MGYG000001154.fa	0.0
MGYG000002163.fa	0.0
MGYG000001386.fa	0.0
MGYG000001857.fa	0.0
MGYG000002201.fa	0.0
MGYG000000098.fa	0.0
MGYG000004601.fa	0.0
MGYG000000718.fa	0.0
MGYG000002138.fa	0.0
MGYG000000546.fa	0.0
MGYG000002704.fa	0.0
MGYG000001328.fa	0.0
MGYG000001356.fa	0.0
MGYG000002190.fa	0.0
MGYG000000040.fa	0.0007256740009269
MGYG000002188.fa	0.0
MGYG000000713.fa	0.0
MGYG000002124.fa	0.0
MGYG000001224.fa	0.0
MGYG000001803.fa	0.0
MGYG000002014.fa	0.0
MGYG000000184.fa	0.0
MGYG000000050.fa	0.00182794738292
MGYG000003003.fa	0.0
MGYG000002042.fa	0.0
MGYG000002836.fa	0.0
MGYG000004471.fa	0.0
MGYG000002511.fa	0.0
MGYG000001313.fa	0.0
MGYG000002773.fa	0.0
MGYG000002169.fa	0.0
MGYG000000271.fa	0.0
MGYG000002143.fa	0.0
MGYG000004521.fa	0.0
MGYG000001174.fa	0.0
MGYG000004686.fa	0.0
MGYG000001860.fa	0.0
MGYG000001199.fa	0.0
MGYG000000944.fa	0.0
MGYG000000623.fa	0.0
MGYG000004153.fa	0.0
MGYG000000066.fa	0.0
MGYG000002603.fa	0.0
MGYG000001697.fa	0.0
MGYG000000741.fa	0.0
MGYG000000080.fa	0.0
MGYG000004565.fa	0.0
MGYG000000567.fa	0.0
MGYG000002530.fa	0.0
MGYG000001784.fa	0.0
MGYG000003226.fa	0.0
MGYG000001649.fa	0.0
MGYG000000460.fa	0.0
MGYG000000166.fa	0.0
MGYG000001231.fa	0.0
MGYG000001738.fa	0.0
MGYG000001765.fa	0.0
MGYG000004760.fa	0.0
MGYG000004513.fa	0.0
MGYG000003961.fa	0.0
MGYG000000726.fa	0.0
MGYG000000241.fa	0.0
MGYG000000276.fa	0.0
MGYG000001499.fa	4.315322731324041e-05
MGYG000004319.fa	0.0
MGYG000001809.fa	0.0
MGYG000001598.fa	0.0
MGYG000002444.fa	0.0
MGYG000000699.fa	0.0
MGYG000002469.fa	0.0
MGYG000003813.fa	0.0
MGYG000003253.fa	0.0
MGYG000000144.fa	0.0
MGYG000004071.fa	0.0
MGYG000001366.fa	0.0
MGYG000001194.fa	0.0
MGYG000000690.fa	0.0
MGYG000004815.fa	0.0
MGYG000003179.fa	0.0
MGYG000000562.fa	0.0
MGYG000001425.fa	0.0
MGYG000004460.fa	0.0
MGYG000002186.fa	0.0
MGYG000003884.fa	0.0
MGYG000000582.fa	0.0
MGYG000000920.fa	0.0
MGYG000004488.fa	0.0
MGYG000000055.fa	0.0
MGYG000001459.fa	0.0
MGYG000003170.fa	0.0
MGYG000002694.fa	0.0
MGYG000001714.fa	0.0072650207637001
MGYG000001062.fa	0.0
MGYG000000161.fa	0.0
MGYG000004039.fa	0.0
MGYG000003284.fa	0.0
MGYG000002298.fa	0.0
MGYG000004510.fa	0.0
MGYG000002655.fa	0.0
MGYG000000668.fa	0.0
MGYG000001887.fa	0.0
MGYG000002106.fa	0.0
MGYG000000386.fa	0.0
MGYG000003335.fa	0.0
MGYG000000910.fa	0.0
MGYG000002316.fa	0.0
MGYG000004576.fa	0.0
MGYG000002951.fa	0.0
MGYG000002026.fa	0.0
MGYG000000559.fa	0.0
MGYG000001397.fa	0.0
MGYG000002379.fa	0.0
MGYG000001178.fa	0.0
MGYG000003957.fa	0.0
MGYG000003726.fa	0.0
MGYG000002831.fa	0.0
MGYG000002267.fa	0.0
MGYG000001234.fa	0.0
MGYG000002580.fa	0.0
MGYG000000121.fa	0.0
MGYG000003790.fa	0.0
MGYG000004552.fa	0.0
MGYG000003689.fa	0.0
MGYG000002909.fa	0.0
MGYG000004546.fa	0.0
MGYG000001597.fa	0.0
MGYG000004168.fa	0.0
MGYG000003934.fa	0.0
MGYG000000571.fa	0.0
MGYG000004446.fa	0.0
MGYG000000148.fa	0.0
MGYG000001248.fa	0.0
MGYG000003984.fa	0.0
MGYG000004479.fa	0.0
MGYG000000965.fa	0.0
MGYG000001576.fa	0.0
MGYG000004526.fa	0.0001667813920484
MGYG000001607.fa	0.0
MGYG000000431.fa	0.0
MGYG000004226.fa	0.0
MGYG000000048.fa	0.0
MGYG000002736.fa	0.0
MGYG000001246.fa	0.0
MGYG000000870.fa	0.0
MGYG000000282.fa	0.0
MGYG000001528.fa	0.0
MGYG000004122.fa	0.0
MGYG000002451.fa	0.0
MGYG000000220.fa	0.0
MGYG000001332.fa	0.0
MGYG000000036.fa	0.0
MGYG000004694.fa	0.0
MGYG000000133.fa	0.0166128262121566
MGYG000002478.fa	0.0
MGYG000004288.fa	0.0
MGYG000003910.fa	0.0
MGYG000004468.fa	0.0
MGYG000001747.fa	0.0
MGYG000001100.fa	0.0
MGYG000004734.fa	0.0
MGYG000002785.fa	0.0
MGYG000003482.fa	0.0
MGYG000001049.fa	0.0
MGYG000002224.fa	0.0
MGYG000004613.fa	0.0
MGYG000002208.fa	0.0
MGYG000001023.fa	0.0
MGYG000004036.fa	0.0
MGYG000004490.fa	0.0
MGYG000001680.fa	0.0
MGYG000000806.fa	0.0
MGYG000000223.fa	0.0
MGYG000000539.fa	0.0
MGYG000003869.fa	0.0
MGYG000004041.fa	0.0
MGYG000000259.fa	0.0
MGYG000000773.fa	0.0
MGYG000002505.fa	0.0
MGYG000002218.fa	0.0
MGYG000000494.fa	0.0
MGYG000002691.fa	0.0
MGYG000000339.fa	0.0
MGYG000002099.fa	0.0
MGYG000004633.fa	0.0
MGYG000001237.fa	0.0
MGYG000004321.fa	0.0
MGYG000001168.fa	0.0027143379980028
MGYG000000924.fa	0.0
MGYG000004683.fa	0.0
MGYG000002485.fa	0.0
MGYG000004433.fa	0.0
MGYG000002522.fa	0.0
MGYG000001876.fa	0.0
MGYG000002561.fa	0.0
MGYG000000068.fa	0.0
MGYG000003953.fa	0.0
MGYG000001056.fa	0.0
MGYG000001076.fa	0.0
MGYG000001420.fa	0.0
MGYG000001623.fa	0.0
MGYG000004783.fa	0.0
MGYG000004355.fa	0.0
MGYG000002508.fa	0.0
MGYG000004434.fa	0.0
MGYG000000451.fa	0.0
MGYG000000652.fa	0.0
MGYG000003595.fa	0.0
MGYG000000018.fa	0.0
MGYG000004140.fa	0.0093195809051867
MGYG000000151.fa	0.0
MGYG000000240.fa	0.0027875818540912
MGYG000004191.fa	0.0
MGYG000000001.fa	0.0
MGYG000000436.fa	0.0
MGYG000002401.fa	0.0
MGYG000001071.fa	0.0
MGYG000000086.fa	0.0
MGYG000000538.fa	0.0
MGYG000000072.fa	0.0
MGYG000001750.fa	0.0
MGYG000001961.fa	0.0
MGYG000001413.fa	0.0
MGYG000004561.fa	0.0
MGYG000002419.fa	0.0
MGYG000000381.fa	0.0
MGYG000002278.fa	0.0002477228508468
MGYG000001929.fa	0.0
MGYG000002114.fa	0.0
MGYG000004108.fa	0.0
MGYG000000723.fa	0.0007084127100016
MGYG000003932.fa	0.0
MGYG000001287.fa	0.0
MGYG000003974.fa	0.0
MGYG000002093.fa	0.0
MGYG000002710.fa	0.0
MGYG000001440.fa	0.0
MGYG000000225.fa	0.0
MGYG000001014.fa	0.0
MGYG000002517.fa	0.0026844806299158
MGYG000002304.fa	0.0
MGYG000003124.fa	0.0
MGYG000000406.fa	0.0
MGYG000000172.fa	0.0
MGYG000004047.fa	0.0
MGYG000000077.fa	0.0
MGYG000001767.fa	0.0
MGYG000001672.fa	0.0
MGYG000000096.fa	0.0
MGYG000000332.fa	0.0
MGYG000003248.fa	0.0
MGYG000003729.fa	0.0
MGYG000000480.fa	0.0
MGYG000002030.fa	0.0
MGYG000000784.fa	0.0
MGYG000002941.fa	0.0
MGYG000001675.fa	0.0
MGYG000004839.fa	0.0
MGYG000000154.fa	0.0
MGYG000004499.fa	0.0
MGYG000000748.fa	0.0
MGYG000004228.fa	0.0
MGYG000001232.fa	0.0
MGYG000000969.fa	0.0
MGYG000004664.fa	0.0
MGYG000002448.fa	0.0063424747419495
MGYG000003820.fa	0.0
MGYG000000475.fa	0.0
MGYG000000038.fa	0.0760310880514778
MGYG000002349.fa	0.0
MGYG000001789.fa	0.0
MGYG000004483.fa	0.0
MGYG000000258.fa	4.396963972186928e-05
MGYG000000099.fa	0.0
MGYG000000653.fa	0.0
MGYG000001364.fa	0.0
MGYG000002653.fa	0.0
MGYG000001673.fa	0.0
MGYG000000185.fa	0.0040497554378314
MGYG000003303.fa	0.0
MGYG000003754.fa	0.0
MGYG000000568.fa	0.0
MGYG000001625.fa	0.0
MGYG000002280.fa	0.0
MGYG000002689.fa	0.0
MGYG000001613.fa	0.0
MGYG000004173.fa	0.0
MGYG000001291.fa	0.0
MGYG000002904.fa	0.0
MGYG000002040.fa	0.0
MGYG000001740.fa	0.0
MGYG000002838.fa	0.0
MGYG000001889.fa	0.0
MGYG000000683.fa	0.0
MGYG000003938.fa	0.0
MGYG000000262.fa	0.0290769944546936
MGYG000004472.fa	0.0
MGYG000000550.fa	0.0
MGYG000000209.fa	0.0
MGYG000003440.fa	0.0
MGYG000002082.fa	0.0
MGYG000003149.fa	0.0
MGYG000001439.fa	0.0
MGYG000000278.fa	0.0
MGYG000002185.fa	0.0
MGYG000003771.fa	0.0
MGYG000004313.fa	0.0
MGYG000002033.fa	0.0
MGYG000002197.fa	0.0
MGYG000000391.fa	0.0
MGYG000000041.fa	0.0
MGYG000001283.fa	0.0
MGYG000000026.fa	0.0
MGYG000004632.fa	0.0
MGYG000002274.fa	0.0002016538649313
MGYG000003114.fa	0.0
MGYG000002876.fa	0.0004840159279728
MGYG000001155.fa	0.0
MGYG000004852.fa	0.0
MGYG000004829.fa	0.0
MGYG000001832.fa	0.0
MGYG000004252.fa	0.0
MGYG000004136.fa	0.0
MGYG000000611.fa	0.0
MGYG000001208.fa	0.0
MGYG000001005.fa	0.0
MGYG000003978.fa	0.0
MGYG000001562.fa	0.0
MGYG000000602.fa	0.0
MGYG000001295.fa	0.0
MGYG000001129.fa	0.0
MGYG000003230.fa	0.0
MGYG000004640.fa	0.0
MGYG000003834.fa	0.0
MGYG000001382.fa	0.0
MGYG000000989.fa	0.0
MGYG000002060.fa	0.0
MGYG000000069.fa	0.0
MGYG000000463.fa	0.0
MGYG000000014.fa	0.0
MGYG000001171.fa	0.0
MGYG000002072.fa	0.0
MGYG000003486.fa	0.0
MGYG000001655.fa	0.0
MGYG000002922.fa	0.0
MGYG000002594.fa	4.268670593688105e-05
MGYG000002514.fa	0.0
MGYG000001015.fa	0.0
MGYG000004587.fa	0.0
MGYG000001706.fa	0.0
MGYG000004138.fa	0.0
MGYG000001512.fa	0.0
MGYG000000457.fa	0.0
MGYG000001160.fa	0.0
MGYG000001455.1.fa	0.0
MGYG000004143.fa	0.0005283354587269
MGYG000001411.fa	0.0
MGYG000000703.fa	0.0
MGYG000002723.fa	0.0
MGYG000002080.fa	0.0
MGYG000001835.fa	0.0
MGYG000000285.fa	0.0
MGYG000001529.fa	0.0
MGYG000000195.fa	0.0
MGYG000001109.fa	0.0
MGYG000004456.fa	0.0
MGYG000002303.fa	0.0
MGYG000001116.fa	0.0
MGYG000002155.fa	0.0
MGYG000004612.fa	0.0
MGYG000003238.fa	0.0
MGYG000002321.fa	8.3274065680145e-05
MGYG000002510.fa	0.0
MGYG000001645.fa	0.0
MGYG000003201.fa	0.0
MGYG000004195.fa	0.0
MGYG000001367.fa	0.0
MGYG000000127.fa	0.0
MGYG000000201.fa	0.0
MGYG000002441.fa	0.0
MGYG000002044.fa	0.0
MGYG000004160.fa	0.0
MGYG000004132.fa	0.0
MGYG000001430.fa	7.522657193794611e-05
MGYG000001646.fa	0.0
MGYG000003295.fa	0.0
MGYG000000238.fa	0.0
MGYG000001240.fa	0.0
MGYG000001955.fa	0.0
MGYG000004438.fa	0.0
MGYG000002470.fa	0.0
MGYG000000671.fa	0.0
MGYG000003090.fa	0.0
MGYG000001120.fa	0.0
MGYG000003656.fa	0.0003200336641825
MGYG000003991.fa	0.0
MGYG000002446.fa	0.0
MGYG000001058.fa	0.0
MGYG000000427.fa	0.0
MGYG000001327.fa	0.0
MGYG000002136.fa	0.0
MGYG000004106.fa	0.0
MGYG000001030.fa	0.0
MGYG000004650.fa	0.0
MGYG000001018.fa	0.0
MGYG000002453.fa	0.0
MGYG000001879.fa	0.0
MGYG000004267.fa	0.0
MGYG000000224.fa	0.0
MGYG000004118.fa	0.0
MGYG000004010.fa	0.0
MGYG000003150.fa	0.0
MGYG000001141.fa	0.0
MGYG000002473.fa	0.0
MGYG000000123.fa	0.00014800390665
MGYG000004362.fa	0.0
MGYG000003063.fa	0.0
MGYG000003004.fa	0.0
MGYG000000771.fa	0.0
MGYG000001577.fa	0.0
MGYG000001658.fa	0.0
MGYG000002780.fa	0.0
MGYG000003994.fa	0.0
MGYG000001674.fa	0.0
MGYG000001374.fa	0.0171341638502382
MGYG000000982.fa	0.0
MGYG000003411.fa	0.0
MGYG000004142.fa	0.0
MGYG000001214.fa	0.0
MGYG000002553.fa	0.0
MGYG000004221.fa	0.0
MGYG000001252.fa	0.0
MGYG000000369.fa	0.0
MGYG000000294.fa	0.0
MGYG000001922.fa	0.0
MGYG000000863.fa	0.0
MGYG000003094.fa	0.0
MGYG000002616.fa	0.0
MGYG000004025.fa	0.0
MGYG000001077.fa	0.0
MGYG000001338.fa	0.2224721480906796
MGYG000004329.fa	0.0
MGYG000000037.fa	0.0
MGYG000002506.fa	0.0006272916233242
MGYG000055572.fa	0.0008052304530782
MGYG000177238.fa	5.423793009917133e-06
MGYG000145940.fa	0.0006159180775415
MGYG000262994.fa	0.0014738540707314
MGYG000002538.fa	0.0
MGYG000186038.fa	0.0
MGYG000163129.fa	0.0
MGYG000223036.fa	0.0
MGYG000131723.fa	0.0
MGYG000001292.fa	0.0008246387128394
MGYG000147988.fa	0.0009467644217769
MGYG000066600.fa	8.116227497832684e-05
MGYG000006745.fa	0.0004972759141347
MGYG000074969.fa	0.0015106230656442
