Size	2700000
MGYG000000670	0.0
MGYG000003314	0.0
MGYG000001898	0.0
MGYG000002486	0.0
MGYG000002672	0.0
MGYG000004323	0.0079272
MGYG000001303	0.0
MGYG000004337	0.0
MGYG000001539	0.0
MGYG000002581	0.0
MGYG000002234	0.0
MGYG000004165	0.0
MGYG000002393	0.0
MGYG000001230	0.0
MGYG000004081	0.2362274
MGYG000000974	0.0
MGYG000002170	0.0
MGYG000000953	0.0
MGYG000001385	0.1670747
MGYG000003224	0.1029917
MGYG000001132	0.0
MGYG000003899	0.5739717
MGYG000000143	0.0
MGYG000002956	0.0
MGYG000002279	0.0148916
MGYG000002955	0.0
MGYG000002378	0.0
MGYG000000253	0.0
MGYG000000130	0.0
MGYG000001985	0.0
MGYG000001671	0.0
MGYG000002191	0.0
MGYG000000364	0.0
MGYG000004453	0.0274276
MGYG000004084	0.0
MGYG000003326	0.0
MGYG000001787	0.0
MGYG000004259	0.0
MGYG000001164	0.0
MGYG000001399	0.0
MGYG000002320	0.0
MGYG000001917	0.0
MGYG000002558	0.0
MGYG000002680	0.0
MGYG000002362	0.0
MGYG000000371	0.0
MGYG000000248	0.0
MGYG000002287	0.0
MGYG000000065	0.0
MGYG000000242	0.0938457
MGYG000002376	0.0
MGYG000000092	0.043118
MGYG000004867	0.0302441
MGYG000001694	0.0
MGYG000001926	0.0
MGYG000004075	0.0
MGYG000002568	0.0
MGYG000004158	0.0
MGYG000000438	0.0
MGYG000002151	0.0356518
MGYG000001368	0.0
MGYG000004200	0.0
MGYG000004034	0.0
MGYG000001781	0.0
MGYG000003192	0.0
MGYG000004463	1.5934316
MGYG000000549	0.0
MGYG000002135	0.0
MGYG000001688	0.0
MGYG000004339	0.0
MGYG000000051	0.0
MGYG000003844	0.0
MGYG000004652	0.0
MGYG000004022	0.0
MGYG000000678	0.0
MGYG000001034	0.0
MGYG000001818	0.0
MGYG000001331	0.0
MGYG000001345	0.0
MGYG000000319	0.0
MGYG000000669	0.0
MGYG000003042	0.0
MGYG000001016	0.0
MGYG000004604	0.0
MGYG000000930	0.0
MGYG000001454	0.0
MGYG000003658	0.0
MGYG000002988	0.0
MGYG000000810	0.0
MGYG000003925	0.0
MGYG000001379	0.0
MGYG000004639	0.0
MGYG000000206	0.0502259
MGYG000004518	0.0
MGYG000000373	0.0
MGYG000000015	0.0
MGYG000002572	0.0
MGYG000002369	0.0
MGYG000001652	0.0
MGYG000000281	0.0
MGYG000001823	0.0357234
MGYG000001375	0.0
MGYG000002589	0.0
MGYG000004103	0.0
MGYG000000964	0.0
MGYG000002810	0.0
MGYG000002319	0.0
MGYG000004593	0.1734861
MGYG000001193	0.0
MGYG000000164	0.0126384
MGYG000002846	0.0
MGYG000002596	0.0
MGYG000001396	0.0
MGYG000001689	0.0
MGYG000002715	0.3702313
MGYG000001946	0.0
MGYG000001334	0.0
MGYG000002038	0.0
MGYG000001938	0.0
MGYG000000732	0.0
MGYG000000236	0.0
MGYG000000551	0.0
MGYG000000730	2.9303774
MGYG000001711	0.0
MGYG000004092	0.0669815
MGYG000003702	0.0723379
MGYG000004347	0.0
MGYG000004179	0.0
MGYG000003852	0.0
MGYG000000059	0.0
MGYG000000193	0.3771445
MGYG000000107	0.0
MGYG000000508	0.0
MGYG000003298	0.0
MGYG000000580	0.0
MGYG000001211	0.0
MGYG000001933	0.0
MGYG000002096	0.0006657
MGYG000004053	0.0
MGYG000001370	0.0
MGYG000002205	0.3030143
MGYG000004183	0.0
MGYG000003655	0.0
MGYG000004811	0.0
MGYG000004821	0.0
MGYG000001762	0.0
MGYG000001710	0.0
MGYG000002884	0.0
MGYG000004598	0.0
MGYG000002625	0.0
MGYG000000126	0.0
MGYG000004126	0.0
MGYG000000358	0.0
MGYG000004556	0.0
MGYG000000705	0.0
MGYG000000956	0.0
MGYG000000884	0.0
MGYG000001978	0.0
MGYG000002437	0.0
MGYG000000410	0.0
MGYG000002098	0.0
MGYG000004087	0.0
MGYG000003683	0.0
MGYG000001695	0.0
MGYG000000078	1.5868461
MGYG000004548	0.0
MGYG000003676	0.0
MGYG000000289	0.0
MGYG000002372	0.0
MGYG000000840	0.0
MGYG000001209	0.0
MGYG000004847	0.0
MGYG000002602	0.0296705
MGYG000003860	0.0
MGYG000001456.1	0.1205154
MGYG000004137	0.3745329
MGYG000004687	0.0
MGYG000004189	0.0
MGYG000003211	0.0214259
MGYG000001939	0.0
MGYG000000211	0.0
MGYG000001953	0.0
MGYG000000742	0.0
MGYG000003993	0.0
MGYG000001531	0.0
MGYG000002253	0.0
MGYG000002606	0.0
MGYG000000820	0.1102634
MGYG000002052	0.0
MGYG000000394	0.0
MGYG000002535	0.0
MGYG000002509	0.0
MGYG000000033	0.0871988
MGYG000001157	0.1164597
MGYG000001054	0.0
MGYG000002036	0.0
MGYG000002480	0.0512193
MGYG000000082	0.0
MGYG000004117	0.0210674
MGYG000004533	0.0
MGYG000002417	0.0
MGYG000001490	0.0
MGYG000000839	0.0
MGYG000003980	0.0
MGYG000001668	0.0
MGYG000003366	0.0
MGYG000000412	0.0
MGYG000004525	0.0
MGYG000003967	0.0
MGYG000000877	0.0
MGYG000001106	0.0
MGYG000002975	0.0
MGYG000000575	0.0
MGYG000000230	0.0
MGYG000001195	0.0
MGYG000003552	0.0
MGYG000004411	0.0
MGYG000001729	0.0
MGYG000000176	0.0
MGYG000004631	0.0
MGYG000004618	0.0
MGYG000000353	0.0
MGYG000004074	0.0168171
MGYG000002227	0.0
MGYG000001609	0.0
MGYG000000131	0.0
MGYG000002588	0.0
MGYG000001852	0.0
MGYG000003919	0.0
MGYG000001145	0.0
MGYG000004747	0.0
MGYG000000205	0.0
MGYG000004249	0.0
MGYG000002455	0.0
MGYG000004832	0.0
MGYG000001326	0.0
MGYG000002144	0.0
MGYG000003892	0.0
MGYG000004454	0.0
MGYG000004163	0.0
MGYG000004279	0.0
MGYG000004019	0.0
MGYG000002487	0.0541894
MGYG000000474	0.0
MGYG000004131	0.0
MGYG000002963	0.0
MGYG000004064	0.0
MGYG000004558	0.0
MGYG000002365	0.0
MGYG000001936	0.0
MGYG000001945	0.0
MGYG000000363	0.0
MGYG000002449	0.0
MGYG000001228	0.0
MGYG000002079	0.0
MGYG000001819	0.0
MGYG000000146	0.186145
MGYG000002002	0.0
MGYG000000310	0.0
MGYG000001937	0.0
MGYG000002226	0.0
MGYG000002445	0.036338
MGYG000000307	0.0
MGYG000000808	0.0
MGYG000002519	0.0
MGYG000001324	0.0
MGYG000004268	0.0
MGYG000002459	0.0
MGYG000002296	0.0
MGYG000000032	0.0
MGYG000004573	0.0
MGYG000000534	0.0
MGYG000003891	1.5183386
MGYG000000423	0.0
MGYG000004038	0.0
MGYG000004437	0.0
MGYG000000636	0.0
MGYG000000478	0.0
MGYG000004629	0.0
MGYG000002697	0.0208831
MGYG000004083	0.0
MGYG000004044	0.0
MGYG000004897	0.0517416
MGYG000004381	0.0
MGYG000001550	0.0
MGYG000004430	0.0
MGYG000000495	0.0
MGYG000000941	0.0
MGYG000001979	0.0
MGYG000003888	0.0
MGYG000004716	0.0
MGYG000002940	0.0
MGYG000002371	0.0
MGYG000004253	0.0
MGYG000004857	0.0
MGYG000001136	0.0
MGYG000001816	0.0
MGYG000000137	0.0122902
MGYG000002682	0.0
MGYG000003944	0.0
MGYG000000179	0.0890526
MGYG000001651	0.0
MGYG000004427	0.0
MGYG000001841	0.0
MGYG000004159	0.0
MGYG000000520	0.0
MGYG000002193	0.0
MGYG000002328	0.0
MGYG000001792	0.0
MGYG000000933	0.685843
MGYG000002816	0.0
MGYG000002233	0.0
MGYG000001690	0.0
MGYG000004563	0.0
MGYG000004322	0.0
MGYG000000212	0.5266136
MGYG000000027	0.0
MGYG000001401	0.0
MGYG000003456	0.0
MGYG000004201	0.0
MGYG000002016	0.0
MGYG000004487	0.0
MGYG000004046	0.0
MGYG000003405	0.0
MGYG000002351	0.0
MGYG000000387	0.0
MGYG000001983	0.0
MGYG000000429	0.0
MGYG000001637	0.0
MGYG000004275	0.0
MGYG000000135	0.0
MGYG000004851	0.0
MGYG000004451	0.0137343
MGYG000002409	0.0
MGYG000003912	0.0
MGYG000004567	0.0
MGYG000004245	2.0294255
MGYG000001243	0.0
MGYG000000836	0.0
MGYG000002708	0.0
MGYG000003963	0.0239966
MGYG000001546	0.0
MGYG000004205	0.0
MGYG000001817	0.0
MGYG000001764	0.0
MGYG000003681	0.0
MGYG000002609	0.0
MGYG000002985	0.0
MGYG000000295	0.0
MGYG000000020	0.0
MGYG000002270	0.0
MGYG000000420	0.1168591
MGYG000004769	0.0
MGYG000002275	0.0
MGYG000000047	0.0
MGYG000004414	0.0
MGYG000001186	0.0
MGYG000002543	0.0
MGYG000001575	0.0
MGYG000001866	0.0
MGYG000004449	0.0
MGYG000001687	0.0
MGYG000001352	0.0
MGYG000003718	0.3485699
MGYG000000252	0.039728
MGYG000002330	0.0409877
MGYG000004600	0.0
MGYG000000219	0.0
MGYG000000948	0.0
MGYG000000615	0.0
MGYG000000378	0.026854
MGYG000000277	0.0
MGYG000001769	0.0
MGYG000001972	0.0
MGYG000000749	0.0
MGYG000002238	0.0
MGYG000000707	0.0
MGYG000004207	0.0
MGYG000001848	0.0
MGYG000001315	0.2026957
MGYG000002284	0.0
MGYG000003233	0.0
MGYG000001665	0.0
MGYG000002386	0.0
MGYG000003222	0.0
MGYG000004425	0.0
MGYG000004006	0.0
MGYG000000902	0.0
MGYG000001325	0.0
MGYG000000672	0.0
MGYG000000044	0.0
MGYG000000631	0.0
MGYG000000039	0.0
MGYG000000360	0.0
MGYG000001928	0.0
MGYG000004078	0.0
MGYG000004779	0.0
MGYG000000168	0.0
MGYG000000417	0.0
MGYG000001733	0.0
MGYG000004572	0.0
MGYG000001940	0.0
MGYG000002912	0.0
MGYG000002999	0.0
MGYG000002617	0.0
MGYG000004636	0.0
MGYG000000938	0.0
MGYG000004739	0.0
MGYG000000945	0.0166429
MGYG000000774	0.0
MGYG000002168	0.0
MGYG000002164	0.0
MGYG000004503	0.0
MGYG000002276	0.0013212
MGYG000001148	0.0
MGYG000001373	0.0
MGYG000001958	0.0
MGYG000000345	0.0
MGYG000002405	0.0
MGYG000004062	0.0
MGYG000001183	0.0
MGYG000000124	0.0
MGYG000004570	0.0
MGYG000000380	0.0179949
MGYG000001115	0.0
MGYG000001467	0.0
MGYG000001976	0.0
MGYG000001600	0.0
MGYG000001442	0.0
MGYG000001757	0.0
MGYG000002969	0.0
MGYG000003868	0.0
MGYG000001205	0.0
MGYG000001677	0.0
MGYG000000030	0.0
MGYG000004474	0.0
MGYG000002149	0.0
MGYG000002268	0.0
MGYG000001538	0.0
MGYG000001118	0.0
MGYG000003966	0.0
MGYG000001874	0.0
MGYG000003451	0.0
MGYG000000418	0.0
MGYG000000138	0.0
MGYG000004311	0.0
MGYG000000604	0.0
MGYG000001975	0.0
MGYG000000216	0.0
MGYG000002192	0.0
MGYG000002621	0.0
MGYG000002097	0.0419505
MGYG000000139	0.0
MGYG000003409	0.0
MGYG000002974	0.0
MGYG000003690	0.0
MGYG000000796	0.0
MGYG000003668	0.0
MGYG000003835	0.0
MGYG000001776	0.0
MGYG000000186	0.0
MGYG000004527	0.0
MGYG000004571	0.0
MGYG000004494	0.0
MGYG000003198	0.0
MGYG000004016	0.0373929
MGYG000000462	0.0
MGYG000004327	0.0
MGYG000000404	0.0
MGYG000001988	0.0
MGYG000001260	0.0
MGYG000002094	0.0
MGYG000000367	0.0
MGYG000004498	0.0
MGYG000001300	0.3363104
MGYG000000187	0.0
MGYG000004790	0.0
MGYG000000530	0.488176
MGYG000000312	0.0
MGYG000004501	0.0
MGYG000001110	0.0
MGYG000001220	0.0
MGYG000004052	0.096355
MGYG000004541	0.0
MGYG000000994	0.0
MGYG000002698	0.0439886
MGYG000001113	0.0
MGYG000003995	0.0
MGYG000001441	0.0
MGYG000003822	0.0
MGYG000002776	0.0259937
MGYG000002432	0.0
MGYG000003324	0.0
MGYG000000070	0.0
MGYG000001875	0.0
MGYG000003304	0.0009422
MGYG000001760	0.0
MGYG000003205	0.0
MGYG000000419	0.0
MGYG000001884	0.0
MGYG000003693	0.0
MGYG000002840	0.0026424
MGYG000000942	0.0
MGYG000001017	0.0
MGYG000004878	0.0
MGYG000001737	0.0
MGYG000001742	0.0
MGYG000002804	0.0
MGYG000000449	0.0
MGYG000001415	0.0
MGYG000003981	0.0
MGYG000001308	0.0
MGYG000000468	0.0
MGYG000000379	0.0
MGYG000000483	0.0
MGYG000004554	0.0
MGYG000000537	0.0
MGYG000000031	0.0197257
MGYG000004155	0.0
MGYG000001299	0.0
MGYG000004145	0.0
MGYG000003738	0.0
MGYG000000715	0.0
MGYG000004799	0.0
MGYG000004008	0.0
MGYG000003714	0.0
MGYG000004289	0.0
MGYG000004385	0.0
MGYG000000706	0.0
MGYG000000501	0.0
MGYG000000150	0.0008296
MGYG000001305	0.0
MGYG000002290	0.0
MGYG000002504	0.0
MGYG000002872	0.0079374
MGYG000002363	0.0
MGYG000003990	0.0
MGYG000002529	0.0
MGYG000002438	0.569875
MGYG000000004	0.0
MGYG000001085	0.0
MGYG000003854	0.0
MGYG000002411	0.0
MGYG000000177	0.0
MGYG000002910	0.0
MGYG000001337	0.0
MGYG000000466	0.0
MGYG000003237	0.0
MGYG000002737	0.0
MGYG000001202	0.0
MGYG000003346	0.0
MGYG000003169	0.0
MGYG000003875	0.1223282
MGYG000000657	0.0
MGYG000003417	0.0
MGYG000004164	0.0
MGYG000000362	0.0016182
MGYG000004508	0.0
MGYG000000159	0.0
MGYG000004262	0.0
MGYG000003821	0.0
MGYG000003800	0.0
MGYG000004523	0.0
MGYG000001226	0.0
MGYG000000647	0.0
MGYG000000322	0.0
MGYG000003695	0.028503
MGYG000001589	0.0
MGYG000003941	0.0
MGYG000002870	0.0
MGYG000001380	0.0
MGYG000004020	0.0
MGYG000000722	0.0
MGYG000003794	0.0089309
MGYG000000075	0.0
MGYG000004271	0.0
MGYG000004784	0.0
MGYG000000813	0.0
MGYG000000142	0.0473479
MGYG000001306	0.0
MGYG000004343	0.0
MGYG000003483	0.0
MGYG000004059	0.0
MGYG000004564	0.0
MGYG000001574	0.0
MGYG000000988	0.0
MGYG000000328	0.0
MGYG000001541	0.0
MGYG000000473	0.0
MGYG000002019	0.0
MGYG000000063	0.0
MGYG000001632	0.0
MGYG000004157	0.0
MGYG000004135	0.0
MGYG000003942	0.0
MGYG000000692	0.0
MGYG000002990	0.0
MGYG000002908	0.0040148
MGYG000001170	0.0036461
MGYG000004655	0.0
MGYG000004393	0.0
MGYG000002439	0.0
MGYG000000231	0.0
MGYG000000633	0.0
MGYG000001770	0.0
MGYG000004232	0.0
MGYG000003727	0.0
MGYG000004869	0.0
MGYG000001748	0.0
MGYG000001159	0.0
MGYG000004394	0.0
MGYG000001987	0.0
MGYG000000725	0.0
MGYG000000303	0.0
MGYG000000104	0.0
MGYG000001359	0.229519
MGYG000002300	0.0
MGYG000001746	0.0
MGYG000000194	0.0
MGYG000001213	0.0
MGYG000001294	0.0
MGYG000000453	0.0
MGYG000004669	0.0
MGYG000004621	0.0
MGYG000004856	0.0
MGYG000003313	0.0
MGYG000000966	0.0
MGYG000002626	0.0
MGYG000000600	0.0
MGYG000001304	0.0
MGYG000000452	0.0
MGYG000003118	0.0
MGYG000003940	0.005592
MGYG000000872	0.0
MGYG000001676	0.0
MGYG000002725	0.0
MGYG000000484	0.0
MGYG000001444	0.0
MGYG000004194	0.4423029
MGYG000004412	0.0
MGYG000001683	0.0
MGYG000003973	0.0552751
MGYG000000088	0.0312375
MGYG000000171	0.0
MGYG000004812	0.0
MGYG000003288	0.0
MGYG000000447	0.0
MGYG000004638	0.0
MGYG000001647	0.0
MGYG000000221	0.0
MGYG000002592	0.0
MGYG000002338	0.0
MGYG000000903	0.0
MGYG000000939	0.0
MGYG000000196	0.5368042
MGYG000004162	0.0
MGYG000001013	0.0
MGYG000002652	0.0
MGYG000004070	0.0
MGYG000003097	0.0
MGYG000001378	0.3127952
MGYG000001564	0.0
MGYG000004643	0.0
MGYG000004388	0.0699618
MGYG000002292	0.1074469
MGYG000002394	0.0
MGYG000002447	0.0
MGYG000000256	0.0
MGYG000002882	0.0
MGYG000004786	0.0045576
MGYG000002784	1.8470701
MGYG000001398	0.0085212
MGYG000002619	0.020965
MGYG000002998	0.0
MGYG000002177	0.0
MGYG000003992	0.0
MGYG000001089	0.0
MGYG000000724	0.0
MGYG000000499	0.0
MGYG000001027	0.0
MGYG000003220	0.0
MGYG000000458	0.0
MGYG000003318	0.0335931
MGYG000002782	0.2396482
MGYG000002228	0.0
MGYG000001886	0.0
MGYG000004566	0.0
MGYG000003392	0.0
MGYG000003189	0.0
MGYG000004397	0.0
MGYG000002571	0.0
MGYG000003959	0.0
MGYG000001057	0.0
MGYG000001427	0.0
MGYG000001960	0.0
MGYG000000273	0.0
MGYG000002236	0.0
MGYG000004248	0.0
MGYG000000847	0.0
MGYG000001429	0.1300301
MGYG000004622	0.0
MGYG000002047	0.0
MGYG000002620	0.0
MGYG000000129	0.0
MGYG000002898	0.0
MGYG000000365	0.0
MGYG000004000	0.0
MGYG000003818	0.0
MGYG000002528	0.1852949
MGYG000002397	0.0
MGYG000002559	0.0
MGYG000004435	0.0
MGYG000002027	0.0
MGYG000003410	0.0
MGYG000000202	0.0
MGYG000004723	0.0
MGYG000002281	0.0
MGYG000004644	0.0416637
MGYG000003783	0.0
MGYG000004371	0.0
MGYG000001192	0.032272
MGYG000001827	0.0
MGYG000004789	0.0132324
MGYG000004872	0.0
MGYG000002499	0.0
MGYG000002523	0.0008398
MGYG000002676	0.0
MGYG000000861	0.0
MGYG000004124	0.0
MGYG000002074	0.0
MGYG000003979	0.0
MGYG000004491	0.0
MGYG000000524	0.0
MGYG000002540	0.2050411
MGYG000003998	0.0
MGYG000001745	0.0
MGYG000000100	0.0
MGYG000003816	0.0
MGYG000004763	0.0
MGYG000003009	0.0
MGYG000001601	0.0
MGYG000002707	0.0
MGYG000001914	0.0
MGYG000003278	0.0
MGYG000004341	0.1579288
MGYG000000190	0.0
MGYG000004657	0.0
MGYG000003022	0.0
MGYG000000727	0.1038827
MGYG000002926	0.0963447
MGYG000001566	0.0
MGYG000001516	0.0
MGYG000000760	0.0
MGYG000004401	0.0
MGYG000004419	0.0
MGYG000002395	0.0
MGYG000002286	0.0
MGYG000000540	0.0
MGYG000002944	0.0
MGYG000000857	0.0
MGYG000001191	0.0
MGYG000000049	0.0
MGYG000000344	0.0061144
MGYG000002544	0.0139289
MGYG000004595	0.0
MGYG000002622	0.0
MGYG000004099	0.0
MGYG000002021	0.8493024
MGYG000000603	0.0
MGYG000004845	0.011942
MGYG000003748	0.0443675
MGYG000004599	0.0
MGYG000004192	0.0
MGYG000000245	0.0
MGYG000000889	0.0
MGYG000002494	0.0
MGYG000003846	0.0
MGYG000002964	0.0
MGYG000004037	0.0
MGYG000002295	0.0
MGYG000004308	0.0
MGYG000000003	0.1602844
MGYG000004282	0.0
MGYG000000335	0.0
MGYG000000043	0.0
MGYG000001861	0.0
MGYG000003158	0.0
MGYG000000442	0.0
MGYG000000971	0.0
MGYG000003292	0.0
MGYG000000250	0.0
MGYG000000444	0.0337468
MGYG000000296	0.0
MGYG000000140	0.2005245
MGYG000001103	0.0056944
MGYG000001097	0.0
MGYG000004805	0.0
MGYG000003989	0.0
MGYG000001310	0.0360614
MGYG000002638	0.0
MGYG000004196	2.5454491
MGYG000003819	0.0
MGYG000000640	0.0
MGYG000000476	0.0
MGYG000002134	0.0275505
MGYG000003257	0.0
MGYG000004178	0.0
MGYG000000504	0.0
MGYG000004586	0.0
MGYG000004089	0.0
MGYG000002483	0.0
MGYG000003310	0.0
MGYG000004246	0.0087465
MGYG000002007	0.0
MGYG000003964	0.0
MGYG000003907	0.0
MGYG000004685	0.0
MGYG000003087	0.4776884
MGYG000002874	0.0
MGYG000003926	0.0
MGYG000000875	0.0
MGYG000002709	0.0
MGYG000002583	0.0
MGYG000002367	0.0
MGYG000002546	0.0
MGYG000000929	0.087547
MGYG000003584	0.0
MGYG000002945	0.0
MGYG000003838	0.0
MGYG000001901	0.0
MGYG000000192	0.0010754
MGYG000000450	0.0
MGYG000002194	0.0
MGYG000002289	0.0
MGYG000001335	0.0
MGYG000001346	4.0266713
MGYG000003814	0.0
MGYG000002104	0.0
MGYG000002952	0.0
MGYG000004150	0.0
MGYG000000200	0.0
MGYG000002454	6.1043153
MGYG000003770	0.0
MGYG000003353	0.0
MGYG000003317	0.0
MGYG000004431	0.0
MGYG000002556	0.0
MGYG000003243	0.0
MGYG000002317	0.0
MGYG000003795	0.0
MGYG000003921	0.0
MGYG000001989	0.0
MGYG000000198	0.0
MGYG000001372	0.0
MGYG000004693	0.0
MGYG000002322	0.0
MGYG000004475	0.0
MGYG000002601	0.0
MGYG000000701	0.0
MGYG000002684	0.0571903
MGYG000000745	0.0
MGYG000004033	0.0197872
MGYG000000595	0.0
MGYG000000062	0.0
MGYG000002573	0.0
MGYG000001067	0.0
MGYG000003374	0.0
MGYG000001919	0.0
MGYG000004390	0.0
MGYG000000389	0.0
MGYG000002348	0.0
MGYG000000016	0.0657217
MGYG000004082	0.0
MGYG000001342	0.0
MGYG000001905	0.0
MGYG000004461	0.0
MGYG000000022	2.3270117
MGYG000003672	0.0
MGYG000001206	0.0
MGYG000001855	0.0
MGYG000004116	0.0
MGYG000004214	0.0
MGYG000001619	0.0
MGYG000004169	0.0
MGYG000002456	0.0
MGYG000000246	0.0
MGYG000001316	0.0
MGYG000000174	0.0
MGYG000001347	0.0
MGYG000003134	0.0
MGYG000002388	0.0
MGYG000000349	0.0
MGYG000004254	0.0
MGYG000001354	0.0
MGYG000002412	0.0
MGYG000002552	0.0
MGYG000004278	0.0
MGYG000001257	0.0
MGYG000003768	0.009105
MGYG000000585	0.0
MGYG000001059	0.1055316
MGYG000002925	0.0
MGYG000002986	0.0
MGYG000002324	0.0
MGYG000000656	0.0
MGYG000003701	0.0
MGYG000000265	0.4420162
MGYG000003074	0.0
MGYG000000740	0.0
MGYG000002503	0.0
MGYG000000297	0.0
MGYG000003937	0.5233157
MGYG000002492	4.0207618
MGYG000004014	0.0
MGYG000004585	0.0
MGYG000002410	0.0
MGYG000002105	0.0
MGYG000000269	0.0004506
MGYG000004736	0.0
MGYG000002158	0.0
MGYG000003140	0.0
MGYG000003293	0.0065343
MGYG000004770	0.0
MGYG000002633	0.0
MGYG000004352	0.0
MGYG000002248	0.0
MGYG000001276	0.0
MGYG000003449	0.0
MGYG000004230	0.0
MGYG000003017	0.003093
MGYG000001565	0.0
MGYG000000157	0.0
MGYG000001728	0.0208728
MGYG000001301	0.0
MGYG000000108	0.0
MGYG000004035	0.0
MGYG000004616	0.0
MGYG000000525	0.0
MGYG000001409	0.0
MGYG000004134	0.0
MGYG000001001	0.0
MGYG000000359	0.0197155
MGYG000001963	0.0
MGYG000003832	0.0
MGYG000002695	0.0
MGYG000001393	0.0
MGYG000001296	0.0
MGYG000004237	0.0
MGYG000002312	0.0
MGYG000001556	0.0
MGYG000002293	0.0
MGYG000001361	0.0231465
MGYG000000922	0.0
MGYG000003960	0.0
MGYG000004379	0.0
MGYG000000122	0.0
MGYG000001911	0.0
MGYG000000002	0.0790873
MGYG000001222	0.0
MGYG000000114	0.0
MGYG000000067	0.0213542
MGYG000004188	0.0
MGYG000004874	0.0
MGYG000002121	0.0
MGYG000004086	0.0
MGYG000000169	0.0
MGYG000003886	0.0
MGYG000001774	0.0
MGYG000002819	0.0
MGYG000003214	0.0
MGYG000001814	0.0
MGYG000001662	0.0
MGYG000002380	0.0
MGYG000002756	0.0
MGYG000000280	0.0074253
MGYG000001187	0.0
MGYG000003450	0.0
MGYG000004464	0.0
MGYG000000441	0.0
MGYG000003833	0.0
MGYG000002059	0.0
MGYG000001705	0.0
MGYG000004236	0.0574668
MGYG000004557	0.0119522
MGYG000002056	0.0
MGYG000001547	0.0
MGYG000000913	0.0
MGYG000003306	0.0
MGYG000004144	0.0
MGYG000004296	0.0
MGYG000003299	0.0
MGYG000001820	0.0
MGYG000001421	0.0145639
MGYG000002512	0.0
MGYG000002018	0.0
MGYG000000189	4.4602278
MGYG000000226	0.0
MGYG000003686	0.0336956
MGYG000004276	0.0
MGYG000004101	0.0
MGYG000004551	0.0
MGYG000003949	0.0
MGYG000000084	0.6939443
MGYG000000141	0.0064831
MGYG000002108	0.0
MGYG000004171	0.0733826
MGYG000000622	0.0
MGYG000000977	0.0
MGYG000002337	0.0
MGYG000002612	0.0
MGYG000001156	0.0
MGYG000000680	0.0
MGYG000001756	0.0
MGYG000000235	0.0
MGYG000003461	0.0
MGYG000004544	0.0
MGYG000001244	0.0231772
MGYG000004797	0.0
MGYG000001423	0.0
MGYG000000136	0.0
MGYG000001182	0.0
MGYG000004299	0.0
MGYG000002272	0.8186281
MGYG000001151	0.0
MGYG000002475	0.0
MGYG000001824	0.0
MGYG000004234	0.0
MGYG000002273	0.0
MGYG000003480	0.0
MGYG000000263	0.2304101
MGYG000002718	0.0
MGYG000000173	0.0
MGYG000002726	0.0
MGYG000000416	0.0
MGYG000004569	0.0
MGYG000004502	0.0
MGYG000004877	0.0
MGYG000004105	0.0
MGYG000004224	0.0
MGYG000000029	0.0
MGYG000001474	0.0
MGYG000002154	0.0
MGYG000003069	0.0
MGYG000001704	0.0
MGYG000003767	0.0
MGYG000002920	0.0
MGYG000004061	0.0
MGYG000000045	0.0099653
MGYG000000415	0.0
MGYG000002608	0.0
MGYG000002091	0.0
MGYG000004775	0.0001536
MGYG000004535	0.0
MGYG000001391	0.0
MGYG000001225	0.1757802
MGYG000001383	0.0
MGYG000003251	0.0
MGYG000004353	0.0
MGYG000000646	0.0
MGYG000001198	0.0
MGYG000003753	0.0
MGYG000000046	0.0
MGYG000002994	0.0
MGYG000001661	0.0
MGYG000004750	0.0
MGYG000001251	0.0
MGYG000000675	0.0
MGYG000001464	0.0
MGYG000001617	0.0
MGYG000001527	0.0
MGYG000004149	0.0
MGYG000003190	0.0
MGYG000001253	0.0
MGYG000003481	0.0
MGYG000002147	0.0
MGYG000001944	0.0
MGYG000000105	0.0
MGYG000004529	0.0
MGYG000000667	0.0
MGYG000000243	0.0
MGYG000002145	0.0
MGYG000002545	0.1416648
MGYG000002297	0.1262099
MGYG000001312	0.0
MGYG000003878	0.0
MGYG000002954	0.0508711
MGYG000000111	0.0
MGYG000000274	0.0
MGYG000000901	0.0
MGYG000003765	0.0
MGYG000002845	0.0
MGYG000001502	0.0
MGYG000000664	0.0
MGYG000003508	0.0
MGYG000003682	0.1573757
MGYG000000791	0.0030623
MGYG000000518	0.0
MGYG000003250	0.0250515
MGYG000004032	0.0
MGYG000004215	0.0
MGYG000001254	0.0
MGYG000004617	0.2946467
MGYG000001311	0.0
MGYG000000490	0.0
MGYG000001883	0.0
MGYG000000990	0.0
MGYG000003697	0.0
MGYG000003958	0.0
MGYG000001949	0.0
MGYG000001981	0.0
MGYG000004489	0.0
MGYG000002479	0.0
MGYG000003001	0.0
MGYG000002463	0.0
MGYG000002403	0.0
MGYG000002353	0.0
MGYG000001341	0.0
MGYG000004085	0.0
MGYG000001698	0.0
MGYG000004120	0.0
MGYG000003391	0.0
MGYG000004623	0.0
MGYG000004660	0.0
MGYG000004605	0.0
MGYG000003987	0.0
MGYG000004482	0.0
MGYG000003863	0.0163664
MGYG000001021	0.0
MGYG000003120	0.0
MGYG000000644	0.0
MGYG000002171	0.0
MGYG000003684	0.0
MGYG000001561	0.0
MGYG000004129	0.1461507
MGYG000003297	0.0
MGYG000001162	0.0
MGYG000003911	0.0
MGYG000003210	0.0
MGYG000001039	0.0
MGYG000001040	0.0
MGYG000001749	0.0
MGYG000003152	0.0
MGYG000001410	0.0
MGYG000002424	0.0
MGYG000003375	0.0
MGYG000004855	0.0
MGYG000001524	0.0
MGYG000002352	0.0
MGYG000004758	0.0
MGYG000001795	0.0
MGYG000001369	0.0
MGYG000002102	0.0
MGYG000001754	0.0
MGYG000001893	0.0164996
MGYG000001493	0.0
MGYG000004658	0.1299993
MGYG000000112	0.0
MGYG000000255	0.0
MGYG000000898	0.0
MGYG000000028	0.0442037
MGYG000002547	0.0
MGYG000002004	0.0
MGYG000004172	0.0
MGYG000001236	0.0324153
MGYG000000178	0.0
MGYG000000829	0.0
MGYG000000502	0.0
MGYG000001321	0.0
MGYG000003475	0.0
MGYG000000251	0.3370171
MGYG000001302.1	1.12281
MGYG000002681	0.0289946
MGYG000002291	0.0
MGYG000004740	0.0
MGYG000001910	0.0
MGYG000000446	0.0
MGYG000001627	0.0489354
MGYG000002199	0.0
MGYG000001434	0.0
MGYG000000090	0.0
MGYG000002673	0.0
MGYG000002180	0.0
MGYG000001494	0.0
MGYG000001846	0.0
MGYG000000034	0.0
MGYG000003311	0.0
MGYG000000204	0.0
MGYG000004185	0.0
MGYG000001167	0.0
MGYG000003077	0.0
MGYG000000753	0.0
MGYG000004637	0.0
MGYG000000284	0.0
MGYG000000662	0.0
MGYG000004369	0.0
MGYG000000714	0.0
MGYG000000318	0.0
MGYG000001020	0.0
MGYG000004802	0.0015363
MGYG000001948	0.0
MGYG000003786	0.0454941
MGYG000004589	0.0
MGYG000004840	0.0
MGYG000000712	0.0
MGYG000000696	0.0
MGYG000003217	0.1507697
MGYG000002113	0.0
MGYG000002057	0.0294145
MGYG000004732	0.0
MGYG000002031	0.0
MGYG000003893	0.0
MGYG000000788	0.0
MGYG000001614	0.0
MGYG000000659	0.0
MGYG000004088	0.0360614
MGYG000000119	0.0
MGYG000002146	0.0
MGYG000003163	0.0
MGYG000004260	0.0
MGYG000004184	0.0
MGYG000001033	0.0
MGYG000004125	0.0
MGYG000002863	0.0
MGYG000001322	0.0
MGYG000001932	0.0
MGYG000001633	0.0
MGYG000000008	0.0
MGYG000001869	0.0
MGYG000004452	0.0
MGYG000000887	0.0
MGYG000000203	0.0
MGYG000004866	0.0
MGYG000000213	0.0
MGYG000000071	0.0
MGYG000000149	0.0
MGYG000002802	0.0
MGYG000002166	0.0
MGYG000004113	0.0
MGYG000002720	0.0959965
MGYG000000372	0.0
MGYG000002794	0.0
MGYG000002450	0.0
MGYG000000021	0.0
MGYG000004611	0.0
MGYG000001314	0.0
MGYG000001219	0.0
MGYG000001284	0.0
MGYG000004889	0.0
MGYG000002202	0.0
MGYG000002472	0.0
MGYG000003975	0.0
MGYG000000060	0.0844847
MGYG000000734	0.0
MGYG000000120	0.0
MGYG000001204	0.0
MGYG000003874	0.0
MGYG000004794	0.0
MGYG000001606	0.0
MGYG000001249	0.0
MGYG000001389	0.0
MGYG000000850	0.0
MGYG000000244	0.0
MGYG000003965	0.0
MGYG000002805	0.0
MGYG000004727	0.0
MGYG000002347	0.0
MGYG000001271	0.0
MGYG000002029	0.0
MGYG000002034	0.0367886
MGYG000001189	0.0
MGYG000004712	0.0
MGYG000004409	0.0
MGYG000002015	0.0
MGYG000001640	0.0
MGYG000002210	0.0
MGYG000000506	0.0
MGYG000004345	0.0
MGYG000003583	0.0
MGYG000001048	0.0
MGYG000002396	0.0
MGYG000004376	0.0
MGYG000002039	0.0
MGYG000002693	0.0
MGYG000004111	0.6409736
MGYG000003943	0.0
MGYG000000366	0.0
MGYG000001400	0.0569035
MGYG000004389	0.0
MGYG000002982	0.0
MGYG000001771	0.0
MGYG000000217	0.0623112
MGYG000001923	0.0
MGYG000001867	0.0
MGYG000000181	0.0
MGYG000002570	0.0
MGYG000002835	0.0
MGYG000002724	0.0
MGYG000000035	0.0
MGYG000002930	0.0
MGYG000004469	0.0
MGYG000000779	0.0
MGYG000001959	0.0
MGYG000004531	0.0
MGYG000001006	0.0
MGYG000002440	0.0
MGYG000002336	0.0
MGYG000004402	0.0
MGYG000001763	0.0
MGYG000003945	0.0
MGYG000001831	0.0
MGYG000000710	0.0
MGYG000004216	0.0
MGYG000002175	0.0
MGYG000000377	0.0
MGYG000002873	0.0
MGYG000000170	0.0
MGYG000003258	0.0
MGYG000001593	0.0
MGYG000000500	0.0
MGYG000000073	0.0
MGYG000003747	0.0
MGYG000002586	0.0
MGYG000004250	0.0
MGYG000000743	0.2582678
MGYG000002389	0.0
MGYG000001727	0.0
MGYG000001654	0.0
MGYG000000254	0.4491957
MGYG000000980	0.0
MGYG000000076	0.0260859
MGYG000001783	0.0
MGYG000002001	0.0
MGYG000001402	0.0363789
MGYG000004176	0.0
MGYG000001560	0.0019255
MGYG000004416	0.0
MGYG000004439	0.0
MGYG000002387	0.0
MGYG000004017	0.0755334
MGYG000002181	0.0
MGYG000002340	0.0
MGYG000002993	0.2957016
MGYG000003694	0.2737432
MGYG000000899	0.0
MGYG000001709	0.0
MGYG000004642	0.0
MGYG000004317	0.0
MGYG000004098	0.0
MGYG000004626	0.0
MGYG000000153	0.0
MGYG000002327	0.0747243
MGYG000004219	0.0
MGYG000000183	0.0
MGYG000000867	0.000635
MGYG000001885	0.0
MGYG000003383	0.0
MGYG000000343	0.0
MGYG000002024	0.0
MGYG000004465	0.0
MGYG000004733	0.0
MGYG000001297	0.0
MGYG000000792	0.0
MGYG000001072	0.0
MGYG000000606	0.9438343
MGYG000004291	0.0
MGYG000002716	0.0
MGYG000001930	0.0
MGYG000001068	0.0
MGYG000001184	0.0
MGYG000002282	0.0
MGYG000000409	0.0
MGYG000003691	0.0
MGYG000000229	0.0316267
MGYG000004609	0.0
MGYG000001878	0.0
MGYG000002125	0.0
MGYG000000103	0.001905
MGYG000000428	0.0
MGYG000000470	0.0
MGYG000002271	0.0
MGYG000004114	0.0
MGYG000004873	0.0
MGYG000001973	0.0
MGYG000004776	0.0
MGYG000002061	0.0386014
MGYG000004269	0.0
MGYG000003877	0.0
MGYG000000272	0.0
MGYG000004447	0.0
MGYG000003757	0.0
MGYG000000886	0.0
MGYG000000208	0.5626033
MGYG000004735	0.0
MGYG000001414	0.0
MGYG000004578	0.0100677
MGYG000002023	0.0
MGYG000000626	0.0
MGYG000001678	0.0
MGYG000003329	0.0
MGYG000001952	0.0
MGYG000000414	0.0
MGYG000003908	0.0
MGYG000004568	0.0
MGYG000003215	0.0
MGYG000003185	0.0
MGYG000004316	0.0
MGYG000003351	0.0
MGYG000000215	0.0
MGYG000000909	0.0
MGYG000001319	0.0
MGYG000004798	0.0
MGYG000000052	0.0
MGYG000002416	0.0
MGYG000001551	0.0
MGYG000001045	0.0
MGYG000000782	0.0
MGYG000001772	0.0
MGYG000000247	0.0
MGYG000000160	0.0
MGYG000004627	0.0
MGYG000000654	0.0
MGYG000003396	0.0
MGYG000000561	0.0
MGYG000003962	0.0
MGYG000001761	0.0
MGYG000001521	0.0
MGYG000000958	0.0
MGYG000004072	0.0
MGYG000001838	0.0
MGYG000000087	0.0
MGYG000002075	0.0043835
MGYG000001500	0.054722
MGYG000001723	0.0
MGYG000004063	0.029394
MGYG000000074	6.540975
MGYG000002167	0.0
MGYG000001851	0.0
MGYG000000425	0.0
MGYG000004778	0.0
MGYG000004115	0.0
MGYG000003709	0.0
MGYG000004055	0.0
MGYG000000651	0.1316483
MGYG000000267	0.0
MGYG000002779	0.0
MGYG000000024	0.0
MGYG000002460	0.0
MGYG000004256	0.0
MGYG000000162	0.0
MGYG000000089	0.0
MGYG000001256	0.0
MGYG000000973	0.0
MGYG000002133	0.0
MGYG000000700	0.0
MGYG000000330	0.0
MGYG000004830	0.0
MGYG000000729	0.1392477
MGYG000004285	0.0
MGYG000004507	0.0
MGYG000001293	0.0
MGYG000004588	0.0
MGYG000004663	0.0
MGYG000003740	0.0
MGYG000000841	0.0
MGYG000000093	0.0
MGYG000004306	0.0
MGYG000004591	0.0019255
MGYG000000894	0.0
MGYG000000233	0.0
MGYG000001489	0.0
MGYG000004334	0.0
MGYG000002152	0.0
MGYG000004392	0.0
MGYG000001007	0.0
MGYG000000175	0.0135294
MGYG000001180	0.0
MGYG000000106	0.0
MGYG000002277	0.0
MGYG000001029	0.0
MGYG000004698	0.0
MGYG000004562	0.0
MGYG000000584	0.0
MGYG000001042	0.0
MGYG000001285	0.0
MGYG000000663	0.0
MGYG000004896	0.0
MGYG000002285	0.0696955
MGYG000001558	0.0
MGYG000001779	0.0
MGYG000000564	0.0
MGYG000000095	0.0
MGYG000001060	0.0
MGYG000002841	0.0
MGYG000000873	1.9582962
MGYG000003837	0.0
MGYG000001810	0.0
MGYG000001163	0.0
MGYG000003242	0.0
MGYG000002173	0.0
MGYG000002781	0.011225
MGYG000000695	0.0
MGYG000003972	0.0
MGYG000004534	0.0
MGYG000001611	0.0
MGYG000001552	0.0
MGYG000001247	0.0
MGYG000002711	0.0042196
MGYG000004223	0.0
MGYG000001802	0.0
MGYG000002549	0.0
MGYG000001074	0.0
MGYG000003620	0.0
MGYG000002129	0.0
MGYG000001218	0.0120956
MGYG000004581	0.0
MGYG000000505	0.0
MGYG000000543	0.0
MGYG000003954	0.0
MGYG000002943	0.0
MGYG000003997	0.0
MGYG000002073	0.0231772
MGYG000004130	0.0
MGYG000003504	0.0
MGYG000001055	0.0
MGYG000000844	0.0
MGYG000002563	0.0
MGYG000004726	0.0
MGYG000003302	0.0
MGYG000004222	0.0
MGYG000000522	0.0
MGYG000000717	0.0
MGYG000004517	0.0
MGYG000004139	0.0
MGYG000000532	0.0
MGYG000000370	1.4970254
MGYG000000249	0.1850184
MGYG000001177	0.0
MGYG000000405	0.0
MGYG000000435	0.0
MGYG000004762	0.0
MGYG000001433	0.0
MGYG000002452	0.0
MGYG000004691	0.0
MGYG000000739	0.0
MGYG000000097	0.0
MGYG000001154	0.0
MGYG000002163	0.0479214
MGYG000001386	0.0089718
MGYG000001857	0.0
MGYG000002201	0.0
MGYG000000098	0.0
MGYG000004601	0.0
MGYG000000718	0.0
MGYG000002138	0.0
MGYG000000546	0.0
MGYG000002704	0.0
MGYG000001328	0.0
MGYG000001356	0.0
MGYG000002190	0.0
MGYG000000040	0.0
MGYG000002188	0.0
MGYG000000713	0.0095863
MGYG000002124	0.0
MGYG000001224	0.0
MGYG000001803	0.0
MGYG000002014	0.0
MGYG000000184	0.0150657
MGYG000000050	0.0005223
MGYG000003003	0.0
MGYG000002042	0.0
MGYG000002836	0.0
MGYG000004471	0.0
MGYG000002511	0.0
MGYG000001313	0.0
MGYG000002773	0.0
MGYG000002169	0.0
MGYG000000271	0.2409489
MGYG000002143	0.0
MGYG000004521	0.0
MGYG000001174	0.0
MGYG000004686	0.0
MGYG000001860	0.0
MGYG000001199	0.0
MGYG000000944	0.0
MGYG000000623	0.0
MGYG000004153	0.0
MGYG000000066	0.0
MGYG000002603	0.0
MGYG000001697	0.0
MGYG000000741	0.0
MGYG000000080	0.0
MGYG000004565	0.0255636
MGYG000000567	0.0
MGYG000002530	0.2934996
MGYG000001784	0.0
MGYG000003226	0.0
MGYG000001649	0.0
MGYG000000460	0.0
MGYG000000166	0.0
MGYG000001231	0.0
MGYG000001738	0.0
MGYG000001765	0.0
MGYG000004760	0.0
MGYG000004513	0.0
MGYG000003961	0.0842696
MGYG000000726	0.0
MGYG000000241	0.0
MGYG000000276	0.0
MGYG000001499	0.0
MGYG000004319	0.0
MGYG000001809	0.0
MGYG000001598	0.0
MGYG000002444	0.0
MGYG000000699	0.0
MGYG000002469	0.0
MGYG000003813	0.0
MGYG000003253	0.0
MGYG000000144	0.7091534
MGYG000004071	0.0
MGYG000001366	0.0
MGYG000001194	0.0
MGYG000000690	0.0
MGYG000004815	0.0
MGYG000003179	0.0
MGYG000000562	0.0152091
MGYG000001425	0.0
MGYG000004460	0.0
MGYG000002186	0.0
MGYG000003884	0.0
MGYG000000582	0.0013212
MGYG000000920	0.0
MGYG000004488	0.0
MGYG000000055	0.0
MGYG000001459	0.0
MGYG000003170	0.0
MGYG000002694	0.0
MGYG000001714	0.5681953
MGYG000001062	0.0
MGYG000000161	0.0
MGYG000004039	0.0
MGYG000003284	0.0
MGYG000002298	0.0
MGYG000004510	0.0
MGYG000002655	0.0
MGYG000000668	0.3308925
MGYG000001887	0.0
MGYG000002106	0.0
MGYG000000386	0.0434355
MGYG000003335	0.0207704
MGYG000000910	0.0
MGYG000002316	0.0005018
MGYG000004576	0.0
MGYG000002951	0.0
MGYG000002026	0.0
MGYG000000559	0.0
MGYG000001397	1.4157975
MGYG000002379	0.0
MGYG000001178	0.0
MGYG000003957	0.0
MGYG000003726	0.0
MGYG000002831	0.3408373
MGYG000002267	0.0
MGYG000001234	0.0
MGYG000002580	0.0
MGYG000000121	0.0
MGYG000003790	0.0
MGYG000004552	0.0
MGYG000003689	0.0
MGYG000002909	0.0
MGYG000004546	0.0
MGYG000001597	0.0526429
MGYG000004168	0.0
MGYG000003934	0.0
MGYG000000571	0.0
MGYG000004446	0.0
MGYG000000148	0.0
MGYG000001248	0.0
MGYG000003984	0.0
MGYG000004479	0.0
MGYG000000965	0.0
MGYG000001576	0.0
MGYG000004526	0.1959873
MGYG000001607	0.0
MGYG000000431	0.0
MGYG000004226	0.0
MGYG000000048	0.0
MGYG000002736	0.0
MGYG000001246	0.0
MGYG000000870	0.0
MGYG000000282	0.0
MGYG000001528	0.0
MGYG000004122	0.0
MGYG000002451	0.0
MGYG000000220	0.0355596
MGYG000001332	0.0
MGYG000000036	0.0
MGYG000004694	0.0
MGYG000000133	0.0
MGYG000002478	2.9872707
MGYG000004288	0.0
MGYG000003910	0.0
MGYG000004468	0.0
MGYG000001747	0.0
MGYG000001100	0.0
MGYG000004734	0.0
MGYG000002785	0.0
MGYG000003482	0.0
MGYG000001049	0.0
MGYG000002224	0.0
MGYG000004613	0.0
MGYG000002208	0.0
MGYG000001023	0.0
MGYG000004036	0.0
MGYG000004490	0.0
MGYG000001680	0.0
MGYG000000806	0.0
MGYG000000223	0.0
MGYG000000539	0.0
MGYG000003869	0.0
MGYG000004041	0.0
MGYG000000259	0.0002356
MGYG000000773	0.0
MGYG000002505	0.0
MGYG000002218	0.0
MGYG000000494	0.0
MGYG000002691	0.0
MGYG000000339	0.0
MGYG000002099	0.0
MGYG000004633	0.0
MGYG000001237	0.0627413
MGYG000004321	0.0
MGYG000001168	0.2437142
MGYG000000924	0.0
MGYG000004683	0.0
MGYG000002485	0.0
MGYG000004433	0.0
MGYG000002522	0.0
MGYG000001876	0.0
MGYG000002561	0.0
MGYG000000068	0.0
MGYG000003953	0.0
MGYG000001056	0.0
MGYG000001076	0.0
MGYG000001420	0.0262805
MGYG000001623	0.0
MGYG000004783	0.0
MGYG000004355	0.0
MGYG000002508	0.0
MGYG000004434	0.0
MGYG000000451	0.0
MGYG000000652	0.0
MGYG000003595	0.0
MGYG000000018	0.0
MGYG000004140	0.0
MGYG000000151	0.0
MGYG000000240	0.0
MGYG000004191	0.0
MGYG000000001	0.0
MGYG000000436	0.0
MGYG000002401	0.0
MGYG000001071	0.0
MGYG000000086	0.0
MGYG000000538	0.0
MGYG000000072	0.071621
MGYG000001750	0.0
MGYG000001961	0.0
MGYG000001413	0.0
MGYG000004561	0.0
MGYG000002419	0.0
MGYG000000381	0.0
MGYG000002278	0.0
MGYG000001929	0.0
MGYG000002114	0.0
MGYG000004108	0.0
MGYG000000723	3.284867
MGYG000003932	0.0
MGYG000001287	0.0
MGYG000003974	0.0
MGYG000002093	0.0
MGYG000002710	0.0051516
MGYG000001440	0.0
MGYG000000225	0.0
MGYG000001014	0.0
MGYG000002517	0.0426776
MGYG000002304	0.0252768
MGYG000003124	0.0
MGYG000000406	0.0
MGYG000000172	0.0
MGYG000004047	0.0
MGYG000000077	0.0
MGYG000001767	0.0
MGYG000001672	0.0
MGYG000000096	0.0
MGYG000000332	0.0
MGYG000003248	0.0
MGYG000003729	0.0
MGYG000000480	0.0
MGYG000002030	0.0
MGYG000000784	0.0
MGYG000002941	0.0
MGYG000001675	0.0
MGYG000004839	0.0108256
MGYG000000154	2.0196549
MGYG000004499	0.0
MGYG000000748	0.0
MGYG000004228	0.0
MGYG000001232	0.0
MGYG000000969	0.0745194
MGYG000004664	0.0
MGYG000002448	0.0
MGYG000003820	0.0
MGYG000000475	0.0
MGYG000000038	0.7033258
MGYG000002349	0.0
MGYG000001789	0.0
MGYG000004483	0.0
MGYG000000258	7.1367618
MGYG000000099	0.0
MGYG000000653	0.0
MGYG000001364	0.0
MGYG000002653	0.0
MGYG000001673	0.4452526
MGYG000000185	0.0628028
MGYG000003303	0.0
MGYG000003754	0.0031442
MGYG000000568	0.0
MGYG000001625	0.0
MGYG000002280	0.0
MGYG000002689	0.0
MGYG000001613	0.0
MGYG000004173	0.0
MGYG000001291	0.0
MGYG000002904	0.0
MGYG000002040	0.0
MGYG000001740	0.0
MGYG000002838	0.0
MGYG000001889	0.0110919
MGYG000000683	0.0
MGYG000003938	0.0
MGYG000000262	0.3166461
MGYG000004472	0.0
MGYG000000550	0.0
MGYG000000209	0.1124961
MGYG000003440	0.0
MGYG000002082	0.0
MGYG000003149	0.0
MGYG000001439	0.0
MGYG000000278	0.0
MGYG000002185	0.0
MGYG000003771	0.0
MGYG000004313	0.0
MGYG000002033	0.0
MGYG000002197	0.0
MGYG000000391	0.0
MGYG000000041	0.121345
MGYG000001283	0.0
MGYG000000026	0.0
MGYG000004632	0.0
MGYG000002274	0.1232807
MGYG000003114	0.0
MGYG000002876	0.0091152
MGYG000001155	0.0
MGYG000004852	0.0
MGYG000004829	0.0
MGYG000001832	0.0
MGYG000004252	0.0563505
MGYG000004136	0.0
MGYG000000611	0.0
MGYG000001208	0.0
MGYG000001005	0.0
MGYG000003978	0.0
MGYG000001562	0.0
MGYG000000602	0.0
MGYG000001295	0.0
MGYG000001129	0.0
MGYG000003230	0.0
MGYG000004640	0.0
MGYG000003834	0.0
MGYG000001382	0.0
MGYG000000989	0.0
MGYG000002060	0.4312111
MGYG000000069	0.0255738
MGYG000000463	0.0
MGYG000000014	0.0
MGYG000001171	0.0
MGYG000002072	0.0343101
MGYG000003486	0.0
MGYG000001655	0.0
MGYG000002922	0.0
MGYG000002594	0.0
MGYG000002514	0.0
MGYG000001015	0.0
MGYG000004587	0.0
MGYG000001706	0.0
MGYG000004138	0.0
MGYG000001512	0.0213337
MGYG000000457	0.0
MGYG000001160	0.0
MGYG000001455.1	0.0
MGYG000004143	0.0
MGYG000001411	0.0
MGYG000000703	0.0
MGYG000002723	0.0
MGYG000002080	0.0
MGYG000001835	1.7205427
MGYG000000285	0.0
MGYG000001529	0.0
MGYG000000195	0.0
MGYG000001109	0.0
MGYG000004456	0.0
MGYG000002303	0.0
MGYG000001116	0.0
MGYG000002155	0.0670736
MGYG000004612	0.0
MGYG000003238	0.0
MGYG000002321	2.4542355
MGYG000002510	0.0
MGYG000001645	0.0
MGYG000003201	0.0
MGYG000004195	0.0
MGYG000001367	0.0422884
MGYG000000127	0.0
MGYG000000201	0.0168888
MGYG000002441	0.0
MGYG000002044	0.0
MGYG000004160	0.0
MGYG000004132	0.0
MGYG000001430	0.0
MGYG000001646	0.0
MGYG000003295	0.0
MGYG000000238	0.0
MGYG000001240	0.0
MGYG000001955	0.0
MGYG000004438	0.0
MGYG000002470	1.3545003
MGYG000000671	0.0
MGYG000003090	0.0
MGYG000001120	0.0
MGYG000003656	0.0814941
MGYG000003991	0.0
MGYG000002446	0.0
MGYG000001058	0.0
MGYG000000427	0.0
MGYG000001327	0.0
MGYG000002136	0.0
MGYG000004106	0.0
MGYG000001030	0.0
MGYG000004650	0.0
MGYG000001018	0.0
MGYG000002453	0.0
MGYG000001879	0.0
MGYG000004267	0.0033286
MGYG000000224	0.0
MGYG000004118	0.0
MGYG000004010	0.0
MGYG000003150	0.0
MGYG000001141	0.0015772
MGYG000002473	0.0
MGYG000000123	0.0
MGYG000004362	0.0
MGYG000003063	0.0
MGYG000003004	0.0
MGYG000000771	0.0
MGYG000001577	0.053831
MGYG000001658	0.0213849
MGYG000002780	0.0
MGYG000003994	0.0
MGYG000001674	0.0
MGYG000001374	0.1922388
MGYG000000982	0.0
MGYG000003411	0.0
MGYG000004142	0.0
MGYG000001214	0.0
MGYG000002553	0.0
MGYG000004221	0.0403323
MGYG000001252	0.0
MGYG000000369	0.0
MGYG000000294	0.0
MGYG000001922	0.0
MGYG000000863	0.0
MGYG000003094	0.0
MGYG000002616	0.0929854
MGYG000004025	0.0
MGYG000001077	0.0
MGYG000001338	0.1619743
MGYG000004329	0.0
MGYG000000037	0.0
MGYG000002506	0.232476
MGYG000055572	0.2823569
MGYG000177238	0.175733
MGYG000145940	0.4358839
MGYG000262994	0.077373
MGYG000002538	0.0
MGYG000186038	0.0
MGYG000163129	0.0
MGYG000223036	0.0
MGYG000131723	0.0
MGYG000001292	0.0401122
MGYG000147988	0.0337274
MGYG000066600	0.0230785
MGYG000006745	0.0150458
MGYG000074969	0.0144098
